page,line,n,pairs,equal,entropy_bits,ioc,frequencies
0,0,20,19,0,3.8219280948873626,0.02631578947368421,"[2, 0, 1, 1, 0, 1, 2, 0, 1, 0, 0, 2, 0, 0, 0, 2, 0, 0, 2, 1, 0, 1, 1, 0, 0, 1, 1, 1, 0]"
0,1,23,22,0,3.9148663038831,0.03557312252964427,"[0, 1, 2, 1, 0, 0, 1, 1, 1, 4, 2, 0, 1, 0, 0, 1, 0, 2, 1, 0, 0, 1, 1, 0, 1, 1, 0, 1, 0]"
0,2,19,18,0,3.826874881864638,0.023391812865497075,"[2, 0, 1, 0, 0, 0, 1, 0, 0, 1, 0, 1, 1, 2, 2, 0, 0, 2, 1, 0, 0, 1, 0, 1, 1, 0, 1, 1, 0]"
0,3,22,21,0,3.8453509366224363,0.03463203463203463,"[1, 2, 1, 1, 0, 0, 1, 0, 1, 0, 1, 0, 0, 3, 1, 1, 1, 1, 0, 0, 0, 3, 0, 0, 0, 1, 2, 1, 0]"
0,4,24,23,0,3.970175521464345,0.028985507246376812,"[1, 0, 2, 0, 0, 1, 1, 0, 3, 0, 2, 1, 1, 1, 1, 0, 1, 0, 0, 1, 0, 2, 0, 0, 1, 2, 2, 1, 0]"
0,5,21,20,1,3.7489948035250964,0.0380952380952381,"[1, 1, 3, 0, 0, 1, 0, 0, 0, 2, 1, 1, 1, 1, 1, 0, 0, 0, 1, 0, 0, 2, 0, 0, 0, 0, 3, 1, 1]"
0,6,21,20,0,3.916126946588284,0.023809523809523808,"[1, 0, 0, 0, 0, 1, 1, 1, 0, 2, 0, 1, 0, 0, 2, 0, 1, 2, 2, 1, 1, 1, 0, 2, 0, 0, 1, 0, 1]"
0,7,23,22,0,4.001822825622231,0.023715415019762844,"[0, 0, 2, 1, 1, 0, 2, 0, 0, 0, 2, 2, 1, 1, 1, 0, 1, 1, 0, 1, 1, 1, 0, 2, 1, 0, 2, 0, 0]"
0,8,23,22,0,3.6753108689123635,0.043478260869565216,"[3, 0, 0, 0, 0, 0, 2, 1, 1, 2, 0, 0, 2, 1, 2, 0, 1, 0, 0, 1, 3, 0, 1, 0, 0, 2, 0, 0, 1]"
0,9,20,19,1,3.684183719779189,0.03684210526315789,"[1, 0, 0, 1, 1, 0, 0, 0, 0, 0, 0, 0, 1, 0, 2, 1, 0, 1, 0, 3, 0, 2, 1, 2, 1, 0, 0, 1, 2]"
0,10,23,22,0,3.795088586397732,0.03557312252964427,"[0, 2, 0, 0, 2, 1, 1, 0, 3, 1, 0, 0, 1, 0, 0, 2, 2, 0, 0, 0, 1, 2, 2, 1, 0, 1, 1, 0, 0]"
0,11,23,22,0,3.8820451081368623,0.03162055335968379,"[2, 1, 0, 1, 3, 0, 0, 2, 0, 0, 0, 0, 0, 0, 0, 1, 1, 0, 1, 2, 1, 2, 2, 1, 1, 1, 0, 0, 1]"
1,0,24,23,0,4.001629167387822,0.03260869565217391,"[0, 1, 1, 0, 2, 1, 0, 1, 0, 1, 1, 0, 0, 1, 0, 4, 1, 0, 0, 1, 1, 1, 2, 1, 2, 1, 0, 1, 0]"
1,1,23,22,0,3.8492239123906247,0.03557312252964427,"[3, 0, 1, 3, 2, 0, 0, 0, 1, 0, 2, 0, 0, 0, 1, 0, 1, 1, 0, 1, 1, 0, 2, 1, 0, 0, 1, 1, 1]"
1,2,23,22,0,3.795088586397732,0.03557312252964427,"[0, 0, 0, 1, 0, 1, 2, 0, 3, 2, 0, 1, 0, 1, 0, 1, 0, 1, 0, 1, 2, 1, 2, 0, 0, 2, 2, 0, 0]"
1,3,21,20,0,3.7256507561120933,0.03333333333333333,"[1, 0, 2, 1, 0, 2, 0, 1, 0, 1, 0, 2, 0, 1, 0, 0, 0, 1, 0, 0, 2, 0, 2, 0, 0, 2, 1, 0, 2]"
1,4,23,22,0,3.8279097821439696,0.03162055335968379,"[1, 1, 1, 2, 0, 0, 2, 0, 0, 0, 0, 0, 2, 2, 2, 1, 0, 0, 1, 0, 0, 2, 2, 0, 1, 2, 0, 1, 0]"
1,5,23,22,0,4.349648912578752,0.007905138339920948,"[1, 0, 1, 0, 2, 1, 1, 1, 1, 0, 0, 1, 1, 1, 1, 1, 1, 1, 1, 0, 1, 1, 1, 0, 1, 1, 2, 0, 0]"
1,6,22,21,0,3.6069367321753214,0.05194805194805195,"[1, 0, 1, 2, 1, 4, 0, 0, 0, 1, 2, 0, 0, 0, 1, 0, 0, 0, 1, 0, 1, 0, 0, 0, 0, 1, 1, 3, 2]"
1,7,21,20,0,3.7849418274376427,0.03333333333333333,"[1, 1, 1, 0, 0, 2, 1, 1, 0, 0, 1, 0, 0, 0, 1, 2, 0, 0, 1, 0, 1, 2, 0, 3, 0, 0, 0, 2, 1]"
1,8,21,20,1,3.6897037321995474,0.047619047619047616,"[1, 1, 1, 0, 0, 1, 1, 4, 0, 1, 0, 0, 0, 2, 1, 1, 0, 0, 0, 1, 0, 0, 0, 1, 1, 1, 0, 0, 3]"
1,9,21,20,0,3.594465636961452,0.04285714285714286,"[0, 0, 0, 0, 1, 3, 2, 1, 0, 1, 0, 1, 0, 2, 2, 0, 0, 0, 0, 0, 0, 0, 2, 2, 1, 0, 2, 1, 0]"
1,10,21,20,0,3.8208888513501886,0.02857142857142857,"[2, 1, 1, 0, 1, 0, 0, 0, 2, 1, 0, 2, 0, 0, 1, 0, 0, 0, 2, 0, 1, 0, 1, 0, 2, 1, 1, 0, 2]"
1,11,23,22,0,3.5342190211803404,0.05533596837944664,"[2, 1, 1, 0, 0, 0, 2, 0, 0, 0, 2, 1, 0, 1, 2, 2, 3, 0, 0, 1, 4, 0, 0, 0, 0, 0, 0, 0, 1]"
2,0,21,20,0,3.594465636961452,0.05238095238095238,"[0, 1, 0, 0, 1, 0, 1, 0, 3, 1, 0, 0, 2, 0, 0, 0, 1, 4, 1, 2, 1, 0, 1, 1, 0, 0, 0, 0, 1]"
2,1,24,23,0,4.220175521464345,0.018115942028985508,"[0, 1, 1, 1, 1, 0, 1, 2, 3, 1, 2, 1, 1, 1, 1, 0, 0, 1, 1, 0, 1, 0, 0, 1, 0, 0, 1, 1, 1]"
2,2,22,21,0,3.913977073182752,0.025974025974025976,"[2, 1, 0, 0, 1, 0, 0, 0, 0, 1, 2, 2, 0, 1, 0, 0, 1, 1, 1, 1, 0, 2, 1, 2, 0, 0, 0, 2, 1]"
2,3,25,24,0,4.103465189601647,0.02666666666666667,"[1, 0, 3, 1, 1, 1, 1, 0, 0, 1, 1, 0, 1, 0, 0, 2, 1, 1, 1, 0, 2, 1, 0, 3, 1, 0, 1, 1, 0]"
2,4,23,22,0,3.8164027166443866,0.039525691699604744,"[2, 0, 0, 1, 1, 1, 1, 1, 3, 1, 1, 0, 0, 1, 1, 0, 3, 1, 3, 0, 0, 0, 0, 1, 0, 1, 0, 0, 0]"
2,5,21,20,1,3.558518613048906,0.047619047619047616,"[1, 2, 0, 0, 0, 2, 0, 1, 0, 1, 0, 2, 1, 1, 1, 0, 0, 0, 0, 0, 3, 0, 0, 2, 1, 0, 0, 0, 3]"
2,6,24,23,0,4.053508854797678,0.025362318840579712,"[0, 0, 1, 0, 1, 3, 1, 2, 2, 1, 2, 0, 0, 1, 0, 0, 1, 0, 1, 0, 1, 0, 1, 2, 1, 1, 0, 1, 1]"
2,7,22,21,0,3.913977073182752,0.025974025974025976,"[0, 0, 2, 2, 0, 0, 1, 1, 1, 0, 0, 2, 0, 0, 0, 0, 1, 1, 2, 0, 1, 1, 0, 1, 1, 2, 0, 1, 2]"
2,8,19,18,0,3.8924071185928764,0.023391812865497075,"[1, 3, 0, 0, 0, 1, 0, 1, 1, 1, 0, 1, 0, 2, 1, 1, 1, 1, 0, 0, 0, 0, 0, 1, 1, 0, 0, 1, 1]"
3,0,20,19,0,3.8841837197791893,0.02631578947368421,"[0, 1, 1, 0, 1, 1, 1, 0, 2, 0, 0, 2, 1, 1, 1, 1, 3, 0, 0, 0, 1, 1, 1, 0, 0, 1, 0, 0, 0]"
3,1,20,19,0,3.584183719779189,0.05263157894736842,"[1, 0, 0, 0, 0, 0, 1, 1, 0, 4, 0, 0, 1, 1, 0, 1, 0, 1, 0, 1, 0, 1, 0, 0, 2, 0, 3, 1, 1]"
3,2,21,20,1,3.558518613048906,0.047619047619047616,"[1, 0, 0, 1, 2, 0, 0, 1, 1, 2, 1, 0, 0, 0, 0, 0, 0, 3, 1, 1, 3, 0, 0, 0, 0, 0, 0, 2, 2]"
3,3,22,21,0,4.186704345910025,0.012987012987012988,"[0, 0, 0, 0, 1, 0, 1, 0, 1, 1, 1, 0, 2, 0, 1, 1, 1, 1, 0, 2, 1, 1, 2, 1, 1, 0, 1, 1, 1]"
3,4,22,21,0,3.6978458230844122,0.03896103896103896,"[2, 0, 2, 0, 0, 3, 0, 1, 0, 0, 0, 1, 0, 2, 0, 1, 0, 0, 1, 2, 2, 0, 1, 0, 0, 0, 1, 2, 1]"
3,5,14,13,0,3.521640636343318,0.02197802197802198,"[0, 0, 0, 0, 0, 1, 0, 0, 0, 1, 1, 1, 1, 0, 0, 0, 2, 1, 1, 0, 0, 0, 1, 2, 0, 0, 0, 1, 1]"
3,6,17,16,0,3.572469458770135,0.03676470588235294,"[0, 0, 2, 0, 0, 1, 0, 1, 1, 0, 0, 0, 3, 1, 0, 0, 0, 0, 0, 1, 1, 0, 0, 2, 0, 1, 1, 1, 1]"
3,7,18,17,0,3.5724312513221195,0.0392156862745098,"[0, 1, 1, 0, 1, 0, 1, 0, 2, 1, 0, 0, 0, 0, 1, 3, 1, 0, 0, 0, 2, 2, 0, 0, 0, 1, 0, 0, 1]"
3,8,20,19,0,4.021928094887363,0.015789473684210527,"[1, 0, 1, 1, 0, 2, 1, 1, 1, 1, 2, 1, 0, 0, 0, 0, 1, 0, 1, 2, 0, 0, 0, 1, 1, 1, 1, 0, 0]"
3,9,20,19,1,3.8219280948873626,0.02631578947368421,"[2, 1, 0, 1, 1, 2, 1, 0, 1, 0, 0, 0, 1, 0, 1, 0, 1, 0, 0, 0, 0, 1, 0, 2, 0, 2, 0, 1, 2]"
3,10,23,22,1,3.4144413036949723,0.06324110671936758,"[0, 0, 0, 3, 0, 0, 1, 0, 2, 0, 4, 1, 0, 1, 2, 2, 0, 2, 1, 0, 0, 0, 0, 0, 0, 0, 1, 0, 3]"
4,0,23,22,0,3.8820451081368623,0.03162055335968379,"[1, 0, 0, 1, 1, 2, 1, 1, 1, 1, 2, 1, 0, 2, 2, 0, 0, 0, 0, 1, 2, 0, 0, 0, 0, 0, 1, 3, 0]"
4,1,20,19,1,3.521928094887363,0.05263157894736842,"[1, 2, 0, 0, 0, 1, 1, 1, 0, 0, 0, 1, 1, 0, 2, 0, 0, 0, 0, 2, 1, 4, 2, 0, 0, 0, 0, 0, 1]"
4,2,21,20,0,3.8208888513501886,0.02857142857142857,"[0, 2, 0, 0, 1, 0, 2, 1, 2, 0, 1, 0, 0, 0, 2, 0, 0, 0, 0, 2, 1, 1, 0, 1, 2, 1, 1, 0, 1]"
4,3,23,22,0,3.9690016298759927,0.02766798418972332,"[2, 1, 2, 0, 1, 1, 3, 1, 0, 1, 0, 2, 2, 0, 1, 0, 0, 1, 0, 0, 1, 1, 1, 0, 0, 1, 0, 1, 0]"
4,4,19,18,1,3.5766176449086657,0.04093567251461988,"[0, 0, 2, 0, 0, 0, 2, 0, 0, 0, 1, 0, 0, 1, 1, 1, 0, 0, 1, 1, 1, 0, 0, 0, 0, 2, 1, 2, 3]"
4,5,20,19,0,3.784183719779189,0.031578947368421054,"[1, 0, 1, 0, 0, 3, 1, 0, 0, 1, 1, 1, 1, 1, 0, 0, 2, 0, 1, 0, 0, 2, 1, 0, 0, 0, 1, 0, 2]"
4,6,22,21,0,3.7544418457133455,0.03896103896103896,"[0, 0, 1, 1, 2, 1, 1, 2, 0, 1, 0, 0, 0, 2, 0, 0, 0, 1, 0, 3, 0, 0, 3, 0, 0, 1, 1, 1, 1]"
4,7,23,22,0,3.642489673166126,0.04743083003952569,"[0, 0, 0, 0, 3, 0, 0, 1, 0, 1, 1, 2, 0, 1, 3, 1, 2, 1, 0, 2, 3, 0, 1, 0, 1, 0, 0, 0, 0]"
4,8,22,21,0,3.913977073182752,0.025974025974025976,"[1, 1, 1, 0, 1, 1, 1, 0, 0, 0, 0, 0, 2, 0, 2, 2, 2, 2, 1, 0, 1, 0, 1, 0, 1, 0, 0, 0, 2]"
4,9,22,21,0,3.7544418457133455,0.03896103896103896,"[0, 1, 1, 0, 1, 0, 1, 0, 0, 1, 1, 2, 0, 2, 1, 1, 0, 3, 0, 0, 0, 3, 1, 0, 1, 0, 0, 0, 2]"
4,10,23,22,0,3.9690016298759927,0.02766798418972332,"[0, 1, 0, 2, 0, 0, 1, 2, 1, 1, 1, 0, 2, 1, 1, 1, 0, 1, 3, 1, 0, 0, 0, 1, 0, 2, 0, 1, 0]"
4,11,23,22,0,3.9148663038831,0.02766798418972332,"[1, 2, 2, 0, 1, 2, 2, 0, 0, 0, 0, 0, 2, 2, 1, 1, 0, 0, 1, 0, 2, 0, 0, 1, 1, 0, 1, 1, 0]"
5,0,23,22,0,4.088779347361361,0.019762845849802372,"[1, 1, 0, 1, 1, 2, 0, 0, 2, 0, 1, 1, 0, 0, 1, 1, 0, 0, 1, 1, 1, 2, 2, 1, 0, 2, 1, 0, 0]"
5,1,21,20,0,3.9754180179138334,0.023809523809523808,"[1, 0, 1, 0, 0, 0, 2, 1, 1, 0, 1, 1, 0, 1, 3, 1, 0, 0, 1, 0, 0, 1, 0, 2, 1, 0, 1, 1, 1]"
5,2,21,20,0,3.141619208183979,0.1,"[0, 0, 0, 0, 2, 0, 0, 0, 0, 0, 0, 0, 6, 1, 1, 0, 2, 0, 1, 0, 1, 3, 0, 2, 0, 0, 1, 0, 1]"
5,3,24,23,0,3.8868421881310113,0.03260869565217391,"[3, 0, 0, 2, 0, 0, 0, 0, 0, 2, 2, 0, 1, 1, 1, 1, 1, 0, 1, 0, 2, 1, 0, 1, 1, 2, 2, 0, 0]"
5,4,21,20,0,3.880179922675738,0.02857142857142857,"[0, 1, 1, 0, 0, 2, 1, 0, 0, 1, 0, 2, 1, 0, 1, 0, 1, 0, 1, 0, 2, 0, 1, 0, 1, 0, 3, 1, 1]"
5,5,22,21,0,4.027169118440618,0.025974025974025976,"[0, 1, 3, 0, 1, 1, 0, 1, 1, 1, 0, 1, 3, 1, 0, 1, 0, 0, 1, 0, 0, 0, 1, 1, 1, 0, 1, 1, 1]"
5,6,21,20,0,3.9754180179138334,0.023809523809523808,"[1, 1, 0, 1, 0, 0, 0, 0, 2, 0, 0, 1, 1, 1, 0, 1, 1, 0, 0, 1, 0, 0, 1, 1, 1, 2, 3, 1, 1]"
5,7,23,22,0,4.088779347361361,0.019762845849802372,"[1, 1, 1, 1, 1, 1, 1, 0, 0, 0, 2, 2, 0, 1, 1, 0, 0, 1, 1, 0, 0, 1, 2, 0, 0, 1, 2, 2, 0]"
5,8,22,21,0,3.8796640049025943,0.030303030303030304,"[0, 1, 0, 0, 1, 1, 1, 0, 0, 0, 2, 2, 0, 0, 1, 0, 0, 0, 1, 1, 1, 0, 0, 1, 2, 3, 1, 1, 2]"
5,9,22,21,0,3.970573095811685,0.025974025974025976,"[1, 3, 0, 1, 0, 1, 1, 0, 1, 0, 1, 0, 0, 2, 0, 1, 1, 1, 0, 0, 1, 2, 2, 1, 0, 0, 1, 0, 1]"
5,10,23,22,0,3.9690016298759927,0.02766798418972332,"[0, 0, 0, 1, 1, 0, 1, 1, 2, 1, 1, 3, 2, 1, 0, 0, 0, 1, 0, 1, 0, 1, 1, 2, 0, 2, 1, 0, 0]"
5,11,20,19,0,3.784183719779189,0.031578947368421054,"[0, 1, 0, 1, 1, 3, 0, 0, 0, 0, 0, 0, 1, 2, 1, 0, 2, 0, 1, 0, 0, 1, 1, 0, 2, 1, 1, 0, 1]"
6,0,20,19,0,3.8841837197791893,0.02631578947368421,"[0, 0, 0, 0, 0, 1, 0, 1, 1, 1, 0, 1, 1, 0, 2, 0, 1, 2, 1, 0, 1, 0, 0, 1, 1, 1, 0, 1, 3]"
6,1,24,23,0,3.8035088547976783,0.036231884057971016,"[0, 0, 2, 0, 2, 0, 0, 2, 0, 0, 1, 1, 0, 1, 1, 2, 1, 0, 0, 0, 1, 0, 2, 3, 1, 0, 2, 2, 0]"
6,2,24,23,0,4.220175521464345,0.018115942028985508,"[1, 1, 0, 0, 3, 1, 2, 1, 1, 0, 1, 0, 0, 1, 1, 0, 0, 1, 0, 1, 1, 1, 1, 1, 2, 1, 1, 1, 0]"
6,3,3,2,0,1.584962500721156,0.0,"[0, 0, 0, 1, 0, 0, 0, 0, 0, 0, 1, 0, 0, 0, 0, 0, 0, 0, 0, 0, 0, 0, 0, 0, 0, 0, 0, 0, 1]"
6,4,18,17,0,3.6835423624332306,0.032679738562091505,"[0, 0, 0, 0, 0, 0, 3, 0, 0, 1, 0, 0, 1, 0, 2, 1, 1, 2, 0, 1, 0, 1, 0, 1, 1, 1, 0, 1, 1]"
6,5,19,18,0,3.6818808028034025,0.03508771929824561,"[0, 0, 0, 2, 1, 1, 1, 0, 2, 0, 1, 2, 0, 0, 1, 0, 3, 0, 1, 0, 0, 1, 1, 0, 0, 0, 1, 1, 0]"
6,6,20,19,1,4.1219280948873624,0.010526315789473684,"[1, 1, 1, 1, 1, 1, 0, 0, 1, 1, 1, 0, 1, 0, 0, 0, 1, 0, 2, 0, 0, 1, 0, 1, 1, 2, 1, 1, 0]"
6,7,24,23,0,4.168295834054489,0.018115942028985508,"[0, 1, 0, 1, 1, 1, 0, 1, 0, 1, 2, 2, 0, 1, 2, 2, 1, 0, 0, 1, 1, 0, 2, 0, 1, 1, 1, 1, 0]"
6,8,22,21,0,4.095795255000934,0.017316017316017316,"[1, 1, 0, 1, 1, 0, 1, 1, 1, 0, 0, 0, 1, 1, 0, 2, 1, 0, 0, 2, 2, 0, 1, 2, 1, 0, 1, 1, 0]"
6,9,22,21,0,3.6978458230844122,0.03896103896103896,"[0, 2, 0, 0, 0, 0, 2, 1, 1, 1, 0, 2, 2, 1, 0, 1, 0, 1, 0, 2, 3, 0, 0, 0, 2, 1, 0, 0, 0]"
7,0,20,19,0,3.8841837197791893,0.02631578947368421,"[0, 1, 1, 1, 0, 3, 0, 0, 1, 1, 0, 1, 1, 0, 2, 1, 0, 1, 0, 0, 2, 1, 0, 0, 1, 0, 0, 1, 1]"
7,1,21,20,0,3.916126946588284,0.023809523809523808,"[1, 1, 1, 1, 1, 1, 0, 0, 0, 0, 2, 0, 0, 1, 2, 0, 0, 1, 1, 2, 2, 1, 0, 0, 0, 0, 0, 1, 2]"
7,2,21,20,0,3.880179922675738,0.02857142857142857,"[0, 0, 1, 0, 0, 0, 1, 1, 2, 0, 0, 1, 1, 3, 0, 1, 1, 0, 0, 1, 0, 0, 1, 1, 1, 1, 0, 2, 2]"
7,3,22,21,0,3.299896391167891,0.06926406926406926,"[0, 0, 0, 0, 1, 3, 0, 0, 0, 2, 2, 0, 1, 1, 0, 0, 0, 0, 0, 0, 3, 0, 0, 0, 0, 2, 1, 4, 2]"
7,4,22,21,0,4.004886164091843,0.021645021645021644,"[0, 1, 2, 1, 0, 2, 0, 0, 1, 1, 1, 0, 2, 1, 1, 0, 0, 1, 0, 1, 0, 2, 2, 1, 0, 0, 0, 1, 1]"
7,5,23,22,0,4.0559581516151235,0.023715415019762844,"[0, 1, 1, 1, 0, 0, 2, 1, 0, 2, 0, 1, 1, 3, 0, 1, 1, 1, 0, 1, 1, 0, 1, 0, 1, 1, 0, 2, 0]"
7,6,21,20,0,3.558518613048906,0.047619047619047616,"[0, 1, 0, 0, 0, 0, 0, 0, 1, 2, 1, 1, 1, 0, 1, 0, 0, 0, 2, 0, 2, 3, 0, 3, 2, 0, 1, 0, 0]"
7,7,23,22,0,3.8820451081368623,0.03162055335968379,"[0, 0, 1, 1, 0, 3, 0, 2, 1, 1, 2, 0, 2, 1, 0, 0, 1, 1, 1, 0, 1, 2, 0, 0, 0, 2, 0, 0, 1]"
7,8,21,20,0,3.880179922675738,0.02857142857142857,"[0, 0, 0, 0, 0, 2, 0, 1, 1, 1, 1, 2, 0, 0, 1, 1, 1, 0, 3, 1, 0, 0, 2, 0, 1, 1, 1, 1, 0]"
7,9,14,13,0,3.6644977792004614,0.01098901098901099,"[0, 0, 1, 1, 0, 1, 1, 1, 0, 0, 0, 1, 0, 0, 1, 0, 1, 0, 0, 1, 0, 0, 1, 1, 0, 1, 0, 0, 2]"
8,0,17,16,0,3.4992275471326924,0.051470588235294115,"[0, 1, 1, 1, 0, 1, 0, 0, 0, 1, 1, 0, 0, 1, 4, 0, 1, 1, 0, 2, 0, 0, 0, 0, 0, 0, 0, 1, 1]"
8,1,16,15,0,3.75,0.016666666666666666,"[0, 1, 0, 2, 1, 1, 1, 0, 0, 0, 1, 0, 0, 1, 1, 0, 1, 0, 0, 1, 1, 2, 0, 0, 0, 0, 1, 0, 1]"
8,2,17,16,0,3.85216872360328,0.014705882352941176,"[1, 0, 1, 1, 1, 0, 0, 1, 0, 1, 0, 2, 1, 0, 0, 1, 1, 0, 0, 1, 1, 1, 0, 2, 0, 1, 0, 0, 0]"
8,3,22,21,0,4.004886164091843,0.021645021645021644,"[0, 1, 2, 1, 1, 0, 0, 0, 1, 0, 0, 0, 1, 2, 2, 2, 0, 1, 1, 0, 0, 1, 1, 0, 1, 1, 2, 0, 1]"
8,4,22,21,0,3.6978458230844122,0.047619047619047616,"[0, 1, 0, 0, 4, 0, 0, 1, 0, 1, 0, 0, 1, 1, 2, 0, 0, 0, 1, 0, 3, 2, 1, 0, 1, 0, 1, 1, 1]"
8,5,23,22,1,3.762267390651494,0.039525691699604744,"[0, 3, 0, 2, 0, 0, 1, 0, 1, 3, 0, 1, 1, 0, 0, 2, 0, 0, 1, 0, 1, 0, 0, 1, 1, 2, 2, 1, 0]"
8,6,21,20,0,4.106603137064474,0.014285714285714285,"[0, 0, 1, 0, 1, 1, 1, 0, 1, 0, 1, 1, 1, 1, 2, 0, 0, 1, 0, 2, 1, 0, 1, 0, 1, 0, 1, 1, 2]"
8,7,23,22,2,4.088779347361361,0.019762845849802372,"[0, 0, 0, 1, 0, 2, 1, 1, 0, 2, 1, 2, 0, 1, 1, 1, 1, 1, 1, 1, 2, 1, 2, 0, 0, 0, 0, 0, 1]"
8,8,22,21,0,3.823067982273661,0.03896103896103896,"[1, 1, 1, 1, 1, 1, 0, 0, 2, 1, 0, 0, 0, 4, 1, 0, 2, 0, 1, 0, 1, 2, 0, 0, 1, 0, 0, 0, 1]"
8,9,24,23,0,3.8512274809529554,0.04710144927536232,"[5, 1, 0, 0, 0, 1, 1, 0, 1, 0, 1, 1, 0, 0, 0, 0, 1, 1, 2, 1, 1, 1, 2, 0, 1, 2, 1, 0, 0]"
8,10,24,23,0,3.8035088547976783,0.036231884057971016,"[0, 2, 1, 2, 0, 0, 0, 1, 0, 2, 0, 1, 1, 0, 0, 2, 0, 2, 0, 2, 3, 1, 2, 0, 1, 1, 0, 0, 0]"
8,11,24,23,0,3.918295834054489,0.036231884057971016,"[1, 0, 1, 2, 1, 0, 0, 0, 1, 4, 1, 0, 1, 2, 0, 1, 1, 1, 0, 0, 0, 0, 2, 2, 0, 0, 1, 1, 1]"
9,0,21,20,0,4.011365041826379,0.01904761904761905,"[0, 1, 0, 0, 0, 0, 1, 2, 0, 1, 1, 1, 0, 2, 1, 0, 0, 0, 1, 2, 0, 1, 1, 1, 2, 1, 1, 1, 0]"
9,1,21,20,0,3.594465636961452,0.04285714285714286,"[2, 0, 2, 2, 0, 0, 1, 0, 1, 0, 0, 1, 0, 2, 3, 1, 0, 0, 0, 1, 0, 0, 1, 2, 0, 0, 0, 2, 0]"
9,2,23,22,1,3.5555331514269954,0.05138339920948617,"[2, 1, 3, 0, 1, 0, 1, 0, 2, 0, 0, 0, 0, 0, 0, 3, 2, 0, 0, 0, 1, 0, 2, 0, 0, 1, 3, 0, 1]"
9,3,21,20,0,4.011365041826379,0.01904761904761905,"[0, 0, 0, 0, 1, 2, 0, 0, 2, 0, 0, 1, 1, 0, 1, 1, 1, 1, 0, 0, 1, 1, 1, 2, 0, 1, 2, 1, 1]"
9,4,22,21,0,3.913977073182752,0.025974025974025976,"[1, 0, 1, 0, 0, 2, 1, 1, 0, 1, 2, 0, 1, 1, 0, 0, 0, 1, 0, 2, 0, 2, 0, 1, 0, 1, 0, 2, 2]"
9,5,21,20,1,3.880179922675738,0.02857142857142857,"[0, 1, 0, 0, 1, 1, 1, 0, 0, 0, 1, 2, 0, 1, 2, 0, 0, 0, 2, 0, 1, 1, 0, 0, 1, 1, 3, 1, 1]"
9,6,22,21,0,4.095795255000934,0.017316017316017316,"[2, 0, 1, 2, 1, 0, 0, 1, 0, 0, 0, 0, 1, 1, 1, 1, 1, 1, 1, 2, 0, 1, 1, 2, 0, 1, 0, 1, 0]"
9,7,24,23,0,3.8868421881310113,0.03260869565217391,"[0, 0, 0, 1, 0, 1, 2, 0, 1, 1, 2, 3, 1, 2, 0, 0, 0, 0, 1, 1, 2, 0, 1, 0, 0, 2, 1, 2, 0]"
9,8,22,21,0,3.788754913993503,0.03463203463203463,"[1, 1, 0, 0, 1, 1, 1, 2, 0, 2, 2, 1, 1, 0, 0, 0, 0, 0, 0, 3, 0, 0, 1, 0, 0, 1, 2, 0, 2]"
9,9,25,24,1,3.893660689688186,0.03333333333333333,"[1, 0, 2, 1, 1, 0, 2, 2, 0, 2, 0, 0, 1, 0, 0, 2, 1, 2, 0, 0, 1, 0, 1, 1, 2, 0, 0, 3, 0]"
9,10,23,22,0,4.0559581516151235,0.023715415019762844,"[1, 1, 1, 1, 0, 0, 1, 0, 1, 1, 0, 0, 1, 2, 0, 3, 0, 0, 1, 1, 0, 2, 1, 1, 2, 0, 1, 0, 1]"
9,11,23,22,0,4.088779347361361,0.019762845849802372,"[1, 1, 2, 1, 1, 0, 2, 2, 1, 0, 1, 0, 0, 0, 0, 0, 1, 1, 0, 0, 0, 1, 0, 1, 1, 1, 2, 2, 1]"
10,0,20,19,0,3.684183719779189,0.03684210526315789,"[0, 2, 1, 0, 0, 1, 1, 0, 0, 1, 0, 0, 0, 2, 3, 2, 1, 0, 2, 0, 1, 1, 0, 0, 0, 0, 0, 1, 1]"
10,1,23,22,0,4.1429146733542535,0.019762845849802372,"[1, 1, 1, 0, 0, 0, 1, 1, 0, 1, 2, 0, 1, 1, 1, 1, 0, 1, 1, 0, 1, 0, 3, 2, 1, 0, 1, 1, 0]"
10,2,20,19,0,3.584183719779189,0.042105263157894736,"[0, 0, 1, 0, 0, 0, 1, 1, 0, 2, 0, 0, 0, 1, 1, 1, 0, 1, 2, 3, 0, 0, 2, 2, 0, 0, 0, 0, 2]"
10,3,21,20,0,3.880179922675738,0.02857142857142857,"[1, 0, 0, 1, 0, 0, 3, 1, 2, 1, 1, 1, 0, 0, 2, 1, 0, 0, 0, 2, 0, 0, 0, 1, 0, 1, 1, 1, 1]"
10,4,22,21,0,3.720128777433188,0.04329004329004329,"[0, 3, 1, 1, 3, 1, 0, 1, 0, 0, 1, 1, 1, 0, 1, 0, 0, 1, 0, 1, 1, 0, 2, 0, 0, 0, 3, 0, 0]"
10,5,21,20,0,4.011365041826379,0.01904761904761905,"[0, 2, 0, 0, 0, 1, 1, 1, 1, 0, 0, 1, 0, 2, 0, 1, 2, 0, 1, 0, 1, 1, 1, 2, 0, 1, 0, 1, 1]"
10,6,24,23,0,3.970175521464345,0.028985507246376812,"[1, 1, 2, 1, 0, 1, 0, 0, 1, 3, 1, 0, 2, 0, 0, 0, 1, 1, 0, 1, 0, 2, 2, 0, 2, 0, 1, 0, 1]"
10,7,23,22,0,3.9690016298759927,0.02766798418972332,"[3, 0, 2, 2, 0, 0, 1, 0, 0, 0, 1, 1, 2, 0, 1, 1, 1, 2, 1, 0, 1, 0, 1, 1, 0, 1, 0, 1, 0]"
10,8,21,20,1,3.6897037321995474,0.0380952380952381,"[0, 0, 0, 2, 0, 0, 0, 1, 2, 0, 2, 0, 0, 0, 2, 1, 1, 0, 1, 0, 1, 2, 0, 1, 0, 3, 1, 0, 1]"
10,9,23,22,0,3.8820451081368623,0.03162055335968379,"[0, 0, 2, 1, 2, 1, 0, 0, 3, 2, 0, 0, 1, 0, 2, 1, 0, 1, 0, 1, 1, 0, 1, 0, 1, 0, 1, 2, 0]"
10,10,21,20,0,3.7256507561120933,0.03333333333333333,"[0, 2, 0, 1, 0, 2, 0, 1, 0, 1, 0, 0, 0, 2, 2, 1, 0, 0, 2, 2, 0, 1, 2, 1, 1, 0, 0, 0, 0]"
10,11,24,23,0,4.053508854797678,0.025362318840579712,"[1, 1, 0, 0, 2, 1, 0, 0, 0, 1, 1, 1, 0, 0, 1, 1, 1, 2, 0, 0, 1, 1, 3, 0, 2, 2, 0, 1, 1]"
11,0,24,23,0,3.8868421881310113,0.03260869565217391,"[2, 1, 1, 0, 1, 1, 0, 2, 0, 3, 2, 0, 0, 0, 0, 1, 0, 2, 2, 1, 1, 1, 0, 0, 0, 0, 0, 2, 1]"
11,1,23,22,0,4.0559581516151235,0.023715415019762844,"[1, 1, 0, 0, 2, 2, 1, 1, 0, 1, 0, 1, 0, 0, 2, 1, 0, 1, 1, 0, 1, 1, 1, 0, 3, 1, 1, 0, 0]"
11,2,22,21,0,3.823067982273661,0.030303030303030304,"[1, 1, 2, 1, 0, 0, 0, 0, 1, 2, 0, 1, 0, 0, 2, 0, 1, 0, 1, 2, 2, 2, 0, 0, 2, 0, 1, 0, 0]"
11,3,24,23,1,3.7406015629507223,0.043478260869565216,"[1, 2, 1, 1, 0, 3, 0, 0, 1, 0, 2, 0, 3, 0, 1, 0, 1, 1, 1, 0, 3, 0, 0, 0, 0, 1, 0, 2, 0]"
11,4,23,22,0,3.8492239123906247,0.03557312252964427,"[3, 1, 0, 2, 1, 3, 0, 0, 0, 2, 1, 0, 1, 0, 1, 0, 0, 1, 0, 0, 1, 0, 2, 1, 1, 1, 0, 0, 1]"
11,5,21,20,0,3.916126946588284,0.023809523809523808,"[1, 0, 2, 0, 1, 2, 0, 1, 1, 1, 0, 0, 1, 2, 2, 0, 0, 0, 0, 1, 0, 1, 1, 1, 0, 0, 0, 2, 1]"
11,6,23,22,0,3.9148663038831,0.02766798418972332,"[0, 1, 1, 1, 0, 2, 1, 2, 0, 0, 0, 0, 2, 0, 1, 0, 2, 2, 1, 0, 0, 1, 1, 0, 2, 2, 0, 0, 1]"
11,7,21,20,0,3.9754180179138334,0.023809523809523808,"[1, 3, 1, 1, 0, 0, 0, 0, 0, 0, 0, 1, 1, 0, 0, 1, 2, 2, 1, 1, 0, 0, 1, 1, 1, 1, 0, 1, 1]"
11,8,25,24,0,4.133660689688186,0.023333333333333334,"[2, 0, 3, 1, 1, 0, 1, 1, 1, 1, 1, 1, 0, 0, 0, 1, 2, 0, 1, 0, 1, 0, 2, 0, 1, 2, 1, 1, 0]"
11,9,22,21,0,3.970573095811685,0.025974025974025976,"[1, 2, 0, 0, 1, 1, 0, 1, 1, 0, 1, 0, 3, 1, 1, 1, 1, 1, 0, 0, 0, 1, 0, 1, 0, 0, 0, 2, 2]"
11,10,22,21,0,4.277613436819116,0.008658008658008658,"[1, 2, 1, 0, 1, 1, 0, 0, 1, 1, 0, 0, 1, 1, 1, 1, 0, 0, 1, 1, 2, 1, 1, 1, 1, 0, 1, 0, 1]"
11,11,23,22,0,3.9690016298759927,0.02766798418972332,"[0, 2, 1, 1, 1, 1, 1, 2, 1, 0, 1, 1, 0, 1, 1, 0, 1, 0, 2, 0, 0, 1, 0, 2, 3, 0, 0, 0, 0]"
12,0,21,20,0,3.6897037321995474,0.0380952380952381,"[0, 2, 2, 0, 1, 3, 1, 2, 1, 0, 1, 0, 2, 2, 0, 0, 1, 0, 0, 0, 0, 0, 1, 0, 0, 0, 0, 1, 1]"
12,1,22,21,0,4.186704345910025,0.012987012987012988,"[1, 1, 0, 0, 1, 1, 1, 1, 2, 0, 1, 1, 0, 2, 1, 0, 1, 0, 1, 1, 0, 2, 0, 1, 1, 0, 1, 0, 1]"
12,2,22,21,0,3.913977073182752,0.025974025974025976,"[2, 1, 0, 1, 0, 2, 2, 0, 0, 1, 0, 1, 0, 1, 1, 2, 0, 1, 0, 0, 1, 0, 1, 0, 2, 0, 0, 1, 2]"
12,3,20,19,0,4.021928094887363,0.015789473684210527,"[1, 1, 1, 0, 1, 0, 1, 1, 0, 1, 1, 0, 0, 1, 1, 1, 1, 1, 0, 0, 2, 0, 0, 0, 1, 0, 2, 0, 2]"
12,4,20,19,0,3.7219280948873625,0.031578947368421054,"[2, 0, 1, 0, 0, 0, 1, 0, 0, 1, 0, 1, 0, 0, 1, 0, 0, 2, 1, 2, 0, 0, 1, 1, 2, 0, 0, 2, 2]"
12,5,22,21,0,3.8796640049025943,0.030303030303030304,"[1, 0, 0, 0, 0, 0, 0, 1, 2, 0, 2, 0, 0, 0, 1, 0, 3, 2, 1, 1, 1, 1, 2, 0, 0, 1, 1, 1, 1]"
12,6,22,21,0,3.641249800455479,0.047619047619047616,"[2, 1, 0, 1, 0, 2, 0, 1, 0, 4, 0, 0, 1, 0, 2, 1, 2, 0, 2, 0, 0, 0, 1, 0, 0, 0, 0, 1, 1]"
12,7,23,22,0,3.8492239123906247,0.03557312252964427,"[0, 1, 1, 3, 1, 0, 3, 1, 0, 0, 2, 1, 2, 0, 0, 0, 0, 1, 0, 1, 0, 1, 1, 0, 1, 0, 2, 0, 1]"
12,8,22,21,0,3.8796640049025943,0.030303030303030304,"[0, 2, 0, 0, 1, 1, 2, 0, 0, 1, 1, 1, 1, 1, 2, 0, 3, 1, 0, 0, 1, 2, 0, 1, 1, 0, 0, 0, 0]"
12,9,21,20,1,3.6897037321995474,0.047619047619047616,"[0, 1, 1, 1, 0, 1, 0, 1, 0, 0, 1, 0, 1, 1, 1, 0, 4, 0, 0, 0, 0, 1, 0, 0, 0, 3, 1, 2, 1]"
12,10,24,23,0,3.834962500721156,0.03985507246376811,"[2, 0, 1, 0, 1, 0, 1, 1, 4, 2, 0, 0, 0, 0, 0, 1, 0, 0, 2, 0, 2, 0, 0, 1, 1, 2, 1, 1, 1]"
12,11,22,21,0,4.186704345910025,0.012987012987012988,"[1, 0, 0, 0, 1, 1, 1, 2, 0, 2, 1, 1, 1, 1, 1, 1, 1, 1, 1, 0, 0, 1, 2, 0, 0, 0, 0, 1, 1]"
13,0,24,23,0,4.136842188131012,0.021739130434782608,"[1, 0, 1, 1, 0, 1, 3, 2, 1, 2, 1, 2, 1, 0, 0, 0, 1, 1, 0, 1, 1, 0, 0, 0, 1, 1, 1, 0, 1]"
13,1,21,20,0,3.558518613048906,0.047619047619047616,"[2, 2, 0, 3, 1, 0, 0, 0, 0, 0, 0, 0, 0, 1, 1, 0, 2, 2, 1, 1, 0, 3, 0, 0, 0, 0, 1, 1, 0]"
13,2,23,22,0,3.795088586397732,0.03557312252964427,"[2, 0, 0, 3, 0, 0, 1, 1, 0, 0, 0, 0, 2, 0, 2, 1, 1, 0, 1, 2, 1, 0, 1, 0, 0, 2, 2, 1, 0]"
13,3,23,22,0,3.8279097821439696,0.03162055335968379,"[1, 2, 2, 2, 0, 0, 0, 2, 0, 2, 1, 0, 0, 0, 0, 0, 0, 0, 1, 1, 2, 1, 0, 0, 2, 1, 0, 1, 2]"
13,4,22,21,0,3.913977073182752,0.025974025974025976,"[1, 2, 0, 0, 0, 1, 2, 2, 1, 0, 0, 0, 0, 0, 1, 0, 0, 1, 1, 0, 2, 2, 1, 0, 2, 0, 1, 1, 1]"
13,5,23,22,0,4.001822825622231,0.023715415019762844,"[1, 0, 2, 1, 0, 0, 0, 0, 2, 1, 2, 1, 0, 1, 1, 1, 2, 0, 1, 1, 0, 0, 0, 0, 2, 0, 1, 2, 1]"
13,6,22,21,0,4.004886164091843,0.021645021645021644,"[2, 1, 0, 1, 1, 1, 1, 0, 0, 0, 0, 1, 2, 0, 0, 1, 1, 0, 0, 1, 0, 0, 0, 2, 1, 2, 1, 2, 1]"
13,7,25,24,0,3.4332696895151082,0.06333333333333334,"[0, 0, 4, 0, 3, 0, 0, 0, 0, 0, 1, 2, 0, 0, 1, 0, 0, 2, 3, 1, 3, 0, 2, 0, 2, 1, 0, 0, 0]"
13,8,21,20,0,4.20184123230257,0.009523809523809525,"[1, 1, 1, 1, 0, 2, 1, 1, 0, 0, 0, 1, 1, 1, 1, 0, 1, 0, 1, 1, 0, 0, 0, 2, 1, 0, 1, 1, 1]"
13,9,22,21,0,3.913977073182752,0.025974025974025976,"[0, 0, 2, 0, 1, 1, 1, 0, 1, 0, 0, 0, 0, 0, 2, 1, 0, 2, 1, 2, 1, 2, 0, 2, 0, 1, 1, 0, 1]"
13,10,22,21,0,4.186704345910025,0.012987012987012988,"[1, 1, 1, 0, 0, 1, 1, 1, 1, 0, 1, 0, 1, 0, 1, 1, 2, 1, 0, 1, 1, 0, 0, 2, 1, 0, 0, 2, 1]"
13,11,24,23,0,4.001629167387822,0.03260869565217391,"[0, 1, 0, 1, 0, 0, 0, 1, 0, 0, 1, 2, 1, 1, 0, 4, 1, 1, 1, 0, 1, 0, 1, 2, 2, 1, 1, 0, 1]"
14,0,21,20,0,4.011365041826379,0.01904761904761905,"[1, 1, 1, 1, 0, 1, 2, 0, 1, 2, 0, 1, 0, 0, 0, 0, 1, 0, 0, 1, 2, 0, 2, 1, 0, 0, 1, 1, 1]"
14,1,23,22,0,4.088779347361361,0.019762845849802372,"[0, 0, 2, 0, 1, 1, 0, 1, 1, 2, 0, 1, 1, 1, 1, 2, 0, 0, 0, 0, 1, 0, 0, 1, 1, 2, 2, 1, 1]"
14,2,20,19,0,3.8219280948873626,0.02631578947368421,"[0, 0, 1, 0, 1, 1, 2, 0, 0, 0, 0, 0, 1, 0, 1, 2, 1, 0, 1, 0, 0, 1, 1, 0, 0, 1, 2, 2, 2]"
14,3,21,20,0,3.916126946588284,0.023809523809523808,"[0, 0, 1, 1, 0, 2, 1, 1, 1, 1, 0, 0, 0, 0, 2, 2, 0, 2, 1, 1, 0, 2, 0, 1, 0, 0, 0, 1, 1]"
14,4,20,19,0,3.484183719779189,0.05789473684210526,"[1, 2, 0, 0, 0, 0, 0, 1, 0, 1, 0, 0, 0, 2, 4, 1, 0, 0, 1, 0, 0, 1, 1, 1, 1, 0, 0, 3, 0]"
14,5,24,23,0,4.168295834054489,0.018115942028985508,"[0, 0, 1, 2, 2, 2, 0, 0, 2, 0, 1, 0, 1, 1, 0, 1, 1, 1, 0, 0, 1, 1, 1, 0, 1, 1, 2, 1, 1]"
14,6,8,7,0,2.75,0.03571428571428571,"[0, 1, 0, 0, 0, 0, 0, 0, 1, 0, 0, 0, 0, 1, 0, 1, 0, 0, 0, 0, 1, 0, 1, 0, 2, 0, 0, 0, 0]"
15,0,9,8,0,2.94770277922009,0.027777777777777776,"[1, 1, 0, 0, 0, 0, 0, 0, 0, 0, 0, 0, 0, 0, 0, 0, 0, 0, 0, 1, 1, 0, 1, 0, 2, 0, 1, 0, 1]"
15,1,21,20,0,3.363286923996055,0.07142857142857142,"[2, 5, 0, 0, 0, 1, 0, 0, 0, 2, 2, 1, 0, 0, 0, 0, 1, 1, 0, 0, 1, 2, 1, 0, 0, 2, 0, 0, 0]"
15,2,17,16,0,3.4992275471326924,0.051470588235294115,"[0, 0, 1, 0, 0, 0, 1, 0, 1, 1, 0, 0, 1, 1, 4, 0, 0, 0, 0, 0, 1, 0, 1, 0, 1, 0, 1, 1, 2]"
15,3,22,21,0,3.913977073182752,0.025974025974025976,"[1, 2, 1, 2, 1, 2, 2, 0, 0, 2, 2, 0, 1, 1, 0, 0, 1, 1, 1, 0, 0, 0, 0, 0, 1, 0, 0, 1, 0]"
15,4,23,22,0,4.001822825622231,0.023715415019762844,"[1, 2, 1, 0, 1, 0, 0, 1, 2, 0, 2, 0, 0, 2, 2, 1, 1, 2, 0, 1, 0, 0, 0, 1, 1, 0, 1, 1, 0]"
15,5,23,22,0,4.001822825622231,0.023715415019762844,"[1, 1, 2, 1, 1, 1, 1, 0, 2, 0, 0, 0, 0, 2, 0, 1, 0, 1, 0, 0, 1, 2, 1, 2, 1, 0, 0, 2, 0]"
15,6,22,21,0,3.73215889136457,0.04329004329004329,"[0, 2, 1, 1, 0, 0, 0, 0, 1, 0, 0, 0, 1, 0, 1, 1, 2, 0, 0, 0, 4, 2, 1, 2, 1, 0, 1, 1, 0]"
15,7,22,21,0,4.095795255000934,0.017316017316017316,"[1, 0, 1, 1, 1, 0, 0, 0, 1, 1, 1, 1, 0, 1, 2, 0, 0, 2, 0, 1, 1, 1, 0, 0, 0, 1, 1, 2, 2]"
16,0,20,19,0,3.284183719779189,0.06842105263157895,"[0, 0, 1, 2, 0, 3, 0, 0, 0, 1, 0, 0, 0, 0, 1, 0, 2, 0, 2, 0, 0, 0, 0, 2, 1, 1, 0, 0, 4]"
16,1,25,24,0,4.003856189774725,0.02666666666666667,"[0, 1, 2, 0, 2, 2, 1, 2, 0, 0, 2, 0, 0, 0, 0, 2, 1, 2, 0, 1, 0, 1, 1, 1, 2, 1, 1, 0, 0]"
16,2,23,22,0,3.8820451081368623,0.03162055335968379,"[1, 0, 0, 1, 2, 0, 0, 0, 1, 0, 1, 1, 0, 0, 1, 0, 1, 2, 0, 0, 1, 2, 0, 1, 2, 2, 0, 3, 1]"
16,3,23,22,1,3.8279097821439696,0.039525691699604744,"[1, 1, 0, 0, 1, 0, 4, 1, 2, 0, 1, 1, 0, 2, 0, 2, 0, 0, 0, 0, 1, 0, 1, 1, 1, 1, 0, 2, 0]"
16,4,21,20,0,3.880179922675738,0.02857142857142857,"[2, 0, 0, 1, 1, 1, 2, 0, 0, 1, 0, 0, 0, 0, 1, 0, 0, 1, 0, 1, 1, 0, 3, 1, 1, 1, 0, 1, 2]"
16,5,21,20,0,3.6897037321995474,0.0380952380952381,"[0, 0, 2, 2, 0, 0, 2, 0, 0, 1, 0, 3, 0, 2, 2, 1, 0, 0, 1, 1, 0, 0, 0, 0, 1, 1, 0, 1, 1]"
16,6,22,21,0,3.913977073182752,0.03463203463203463,"[0, 1, 1, 0, 0, 2, 0, 0, 1, 1, 0, 4, 0, 1, 0, 2, 1, 1, 0, 1, 0, 0, 0, 1, 1, 1, 1, 1, 1]"
16,7,21,20,0,4.011365041826379,0.01904761904761905,"[1, 1, 0, 0, 0, 0, 0, 0, 0, 0, 1, 1, 0, 1, 2, 1, 2, 0, 2, 2, 1, 1, 1, 1, 1, 0, 1, 0, 1]"
16,8,22,21,0,3.7544418457133455,0.03896103896103896,"[0, 1, 1, 1, 0, 3, 0, 0, 0, 1, 0, 0, 1, 0, 2, 1, 0, 2, 1, 0, 1, 2, 3, 1, 1, 0, 0, 0, 0]"
16,9,24,23,0,4.168295834054489,0.018115942028985508,"[2, 2, 0, 2, 1, 1, 0, 1, 0, 0, 2, 1, 1, 1, 1, 0, 0, 1, 1, 0, 1, 1, 1, 1, 0, 1, 2, 0, 0]"
16,10,23,22,0,4.001822825622231,0.023715415019762844,"[2, 1, 0, 1, 1, 1, 0, 0, 0, 0, 2, 1, 2, 1, 0, 0, 2, 1, 2, 1, 1, 1, 0, 0, 0, 0, 1, 2, 0]"
16,11,22,21,0,3.299896391167891,0.07792207792207792,"[1, 0, 1, 1, 0, 0, 4, 1, 0, 1, 0, 0, 0, 3, 0, 0, 0, 1, 0, 0, 0, 1, 3, 0, 0, 0, 1, 4, 0]"
17,0,23,22,0,4.001822825622231,0.023715415019762844,"[0, 0, 2, 0, 1, 1, 0, 1, 0, 2, 0, 0, 1, 1, 0, 0, 1, 2, 1, 1, 1, 2, 0, 1, 2, 1, 0, 2, 0]"
17,1,23,22,0,4.1757358691004915,0.015810276679841896,"[1, 1, 0, 0, 2, 0, 0, 0, 0, 1, 2, 1, 2, 0, 0, 1, 1, 0, 1, 1, 1, 2, 1, 1, 1, 0, 1, 1, 1]"
17,2,23,22,0,3.642489673166126,0.04743083003952569,"[3, 0, 0, 0, 3, 0, 1, 0, 2, 1, 1, 0, 2, 2, 0, 0, 3, 1, 1, 0, 0, 0, 0, 0, 1, 1, 0, 0, 1]"
17,3,22,21,0,4.186704345910025,0.012987012987012988,"[0, 1, 1, 2, 0, 1, 1, 1, 0, 1, 0, 1, 0, 1, 1, 1, 2, 1, 1, 1, 1, 2, 0, 0, 0, 1, 0, 1, 0]"
17,4,23,22,0,3.9690016298759927,0.02766798418972332,"[1, 0, 0, 0, 0, 1, 0, 1, 0, 3, 2, 1, 0, 1, 1, 0, 1, 2, 0, 1, 0, 1, 2, 0, 2, 1, 1, 1, 0]"
17,5,22,21,0,3.913977073182752,0.025974025974025976,"[0, 0, 2, 2, 2, 1, 1, 0, 0, 0, 2, 2, 0, 1, 1, 1, 1, 0, 1, 0, 0, 0, 0, 0, 0, 1, 2, 1, 1]"
17,6,23,22,0,3.9690016298759927,0.02766798418972332,"[0, 0, 1, 1, 1, 0, 1, 1, 1, 2, 2, 0, 2, 0, 2, 0, 0, 0, 1, 1, 0, 1, 0, 0, 0, 3, 1, 1, 1]"
17,7,21,20,0,3.8442328987631917,0.03333333333333333,"[0, 3, 0, 0, 1, 1, 1, 1, 1, 1, 0, 3, 0, 2, 1, 1, 0, 0, 1, 1, 0, 0, 0, 1, 0, 1, 1, 0, 0]"
17,8,23,22,0,3.9148663038831,0.03557312252964427,"[1, 0, 0, 1, 1, 1, 1, 0, 0, 0, 1, 0, 2, 0, 1, 0, 1, 1, 1, 2, 0, 0, 4, 0, 1, 2, 1, 1, 0]"
17,9,23,22,0,3.795088586397732,0.043478260869565216,"[1, 1, 4, 0, 1, 1, 0, 0, 3, 1, 2, 0, 0, 0, 0, 0, 1, 0, 0, 1, 1, 0, 0, 1, 2, 1, 1, 1, 0]"
17,10,23,22,0,4.0559581516151235,0.023715415019762844,"[3, 0, 2, 1, 1, 1, 2, 0, 1, 0, 1, 1, 0, 1, 1, 1, 2, 0, 0, 0, 1, 1, 1, 0, 1, 0, 0, 0, 1]"
17,11,24,23,0,3.8868421881310113,0.03260869565217391,"[2, 1, 2, 0, 0, 0, 1, 1, 0, 1, 2, 1, 1, 0, 0, 0, 0, 1, 0, 0, 1, 1, 3, 0, 2, 0, 2, 0, 2]"
18,0,22,21,0,3.8796640049025943,0.030303030303030304,"[0, 0, 0, 1, 2, 1, 2, 1, 0, 0, 2, 2, 1, 0, 0, 1, 0, 1, 1, 1, 1, 0, 0, 1, 1, 0, 0, 0, 3]"
18,1,23,22,0,4.1757358691004915,0.015810276679841896,"[0, 1, 1, 2, 1, 1, 1, 1, 2, 0, 2, 0, 1, 1, 1, 0, 0, 0, 0, 0, 1, 1, 0, 1, 1, 0, 1, 2, 1]"
18,2,22,21,0,4.004886164091843,0.021645021645021644,"[1, 0, 1, 1, 1, 2, 0, 0, 1, 1, 2, 0, 1, 1, 1, 0, 1, 0, 0, 0, 0, 2, 1, 2, 0, 2, 0, 0, 1]"
18,3,21,20,1,4.011365041826379,0.02857142857142857,"[1, 1, 1, 1, 0, 0, 1, 0, 1, 0, 0, 0, 1, 1, 1, 1, 1, 1, 1, 1, 0, 1, 1, 0, 0, 0, 0, 4, 1]"
18,4,23,22,0,3.9690016298759927,0.02766798418972332,"[1, 1, 3, 1, 0, 2, 1, 0, 0, 0, 1, 0, 0, 0, 0, 0, 1, 2, 1, 0, 0, 1, 2, 2, 1, 1, 1, 1, 0]"
18,5,21,20,0,3.916126946588284,0.023809523809523808,"[2, 0, 0, 2, 0, 0, 0, 0, 1, 2, 0, 1, 1, 1, 1, 1, 0, 0, 1, 0, 1, 0, 2, 1, 1, 0, 1, 0, 2]"
18,6,22,21,0,3.8796640049025943,0.030303030303030304,"[0, 3, 0, 1, 1, 0, 1, 1, 0, 0, 0, 2, 2, 0, 2, 1, 0, 1, 1, 0, 0, 0, 2, 1, 0, 1, 1, 1, 0]"
18,7,22,21,0,4.0614821867207755,0.021645021645021644,"[0, 0, 0, 1, 1, 1, 0, 1, 1, 1, 0, 0, 0, 1, 0, 1, 0, 1, 1, 3, 2, 1, 0, 2, 1, 0, 1, 1, 1]"
18,8,22,21,0,4.0614821867207755,0.021645021645021644,"[2, 0, 0, 0, 1, 1, 0, 1, 0, 2, 1, 0, 1, 1, 1, 0, 1, 1, 1, 0, 1, 1, 3, 1, 1, 0, 0, 0, 1]"
18,9,20,19,0,3.684183719779189,0.03684210526315789,"[1, 1, 0, 0, 0, 0, 0, 0, 0, 0, 0, 0, 1, 0, 0, 0, 3, 1, 1, 1, 1, 2, 1, 2, 0, 2, 0, 1, 2]"
18,10,22,21,0,3.788754913993503,0.03463203463203463,"[2, 2, 0, 0, 1, 2, 0, 1, 0, 0, 0, 1, 1, 3, 1, 1, 1, 0, 0, 0, 1, 1, 2, 2, 0, 0, 0, 0, 0]"
18,11,20,19,0,3.8219280948873626,0.02631578947368421,"[0, 1, 0, 1, 1, 2, 1, 0, 0, 0, 0, 1, 0, 1, 0, 0, 1, 1, 2, 1, 0, 1, 0, 2, 0, 0, 2, 0, 2]"
19,0,24,23,1,3.720175521464345,0.04710144927536232,"[2, 1, 0, 4, 1, 0, 0, 1, 0, 3, 1, 1, 2, 1, 0, 1, 0, 0, 0, 0, 0, 0, 2, 1, 1, 0, 0, 0, 2]"
19,1,23,22,1,3.762267390651494,0.039525691699604744,"[0, 1, 0, 1, 1, 2, 0, 0, 0, 1, 3, 3, 0, 1, 1, 1, 0, 0, 1, 2, 0, 2, 1, 2, 0, 0, 0, 0, 0]"
19,2,20,19,0,3.8219280948873626,0.02631578947368421,"[1, 1, 1, 2, 0, 1, 0, 0, 2, 0, 1, 1, 2, 0, 1, 0, 0, 0, 0, 0, 0, 0, 0, 1, 1, 0, 1, 2, 2]"
19,3,23,22,0,3.9690016298759927,0.02766798418972332,"[0, 1, 0, 2, 1, 0, 1, 1, 1, 0, 0, 3, 0, 0, 0, 1, 2, 0, 0, 0, 1, 1, 1, 0, 2, 2, 1, 1, 1]"
19,4,22,21,1,3.8453509366224363,0.03463203463203463,"[0, 0, 0, 1, 1, 1, 0, 0, 3, 0, 0, 1, 1, 3, 1, 1, 0, 1, 1, 0, 2, 0, 0, 0, 1, 1, 1, 0, 2]"
19,5,24,23,0,3.7720552088742,0.04710144927536232,"[1, 0, 0, 3, 1, 1, 1, 3, 0, 0, 0, 1, 1, 0, 0, 1, 0, 0, 0, 1, 0, 1, 0, 1, 2, 4, 1, 0, 1]"
19,6,24,23,1,3.7720552088742005,0.03985507246376811,"[2, 0, 1, 0, 2, 2, 3, 3, 0, 1, 1, 2, 0, 0, 0, 1, 1, 1, 0, 0, 2, 0, 0, 1, 0, 0, 0, 1, 0]"
19,7,22,21,0,3.970573095811685,0.025974025974025976,"[1, 0, 0, 0, 1, 0, 2, 0, 1, 0, 0, 1, 0, 1, 1, 0, 3, 1, 0, 1, 1, 0, 1, 2, 1, 2, 1, 0, 1]"
19,8,22,21,0,3.73215889136457,0.04329004329004329,"[0, 0, 1, 0, 1, 0, 1, 1, 0, 2, 2, 1, 0, 0, 1, 2, 0, 0, 0, 1, 0, 4, 1, 2, 0, 1, 0, 0, 1]"
19,9,22,21,1,3.6978458230844122,0.03896103896103896,"[1, 0, 2, 0, 0, 0, 1, 2, 0, 0, 0, 0, 0, 1, 0, 1, 0, 2, 0, 1, 0, 1, 2, 3, 2, 1, 0, 2, 0]"
19,10,23,22,0,4.0559581516151235,0.023715415019762844,"[2, 1, 0, 1, 0, 1, 0, 0, 2, 3, 1, 0, 0, 1, 1, 1, 1, 1, 2, 0, 1, 0, 1, 1, 0, 1, 0, 1, 0]"
19,11,22,21,0,4.004886164091843,0.021645021645021644,"[2, 0, 1, 1, 0, 0, 0, 0, 1, 0, 0, 2, 1, 1, 0, 0, 1, 1, 1, 2, 1, 1, 0, 1, 2, 2, 0, 0, 1]"
20,0,22,21,0,4.0614821867207755,0.021645021645021644,"[0, 1, 1, 0, 1, 0, 1, 0, 0, 0, 1, 1, 1, 3, 1, 0, 0, 2, 0, 0, 1, 1, 1, 1, 1, 0, 1, 2, 1]"
20,1,22,21,0,3.8453509366224363,0.03463203463203463,"[3, 1, 2, 0, 1, 1, 0, 1, 1, 0, 0, 0, 1, 0, 2, 1, 0, 0, 0, 0, 0, 1, 1, 0, 1, 3, 1, 0, 1]"
20,2,21,20,0,4.011365041826379,0.01904761904761905,"[0, 1, 0, 1, 1, 0, 1, 0, 2, 1, 0, 0, 2, 0, 0, 0, 0, 1, 1, 1, 1, 0, 1, 2, 1, 0, 2, 1, 1]"
20,3,23,22,0,3.936180434129755,0.03162055335968379,"[0, 1, 1, 0, 1, 1, 1, 0, 1, 0, 3, 3, 2, 0, 0, 0, 1, 0, 1, 1, 0, 2, 1, 0, 1, 0, 0, 1, 1]"
20,4,23,22,0,4.001822825622231,0.03162055335968379,"[1, 0, 1, 0, 0, 1, 1, 1, 0, 0, 0, 0, 1, 0, 1, 2, 1, 1, 0, 2, 4, 0, 1, 1, 1, 1, 0, 1, 1]"
20,5,23,22,0,3.9690016298759927,0.02766798418972332,"[1, 0, 1, 1, 1, 1, 2, 0, 0, 0, 0, 0, 1, 1, 0, 0, 1, 0, 1, 2, 3, 1, 1, 1, 2, 0, 2, 0, 0]"
20,6,22,21,0,3.913977073182752,0.025974025974025976,"[0, 0, 0, 1, 1, 1, 2, 0, 0, 0, 1, 1, 0, 2, 0, 2, 2, 1, 0, 2, 0, 0, 0, 1, 2, 0, 1, 1, 1]"
20,7,23,22,0,3.6753108689123635,0.043478260869565216,"[2, 2, 0, 1, 0, 1, 0, 0, 1, 0, 2, 3, 1, 0, 3, 2, 0, 0, 0, 1, 2, 1, 0, 0, 0, 0, 0, 0, 1]"
20,8,24,23,0,4.0220552088742005,0.028985507246376812,"[0, 1, 1, 0, 3, 1, 2, 0, 1, 0, 3, 0, 1, 1, 0, 1, 1, 1, 0, 2, 1, 1, 1, 0, 0, 0, 1, 1, 0]"
20,9,24,23,0,3.918295834054489,0.036231884057971016,"[0, 1, 2, 0, 0, 1, 1, 2, 0, 0, 1, 1, 1, 1, 0, 2, 0, 2, 1, 0, 1, 1, 1, 0, 0, 4, 0, 1, 0]"
20,10,22,21,1,3.823067982273661,0.030303030303030304,"[0, 2, 0, 1, 2, 1, 0, 0, 0, 0, 1, 2, 0, 0, 2, 0, 0, 1, 0, 0, 1, 1, 2, 2, 0, 1, 0, 2, 1]"
20,11,20,19,0,3.408694969562842,0.05789473684210526,"[0, 1, 2, 0, 0, 1, 0, 1, 0, 0, 0, 0, 0, 0, 3, 2, 0, 0, 3, 3, 0, 0, 0, 1, 1, 1, 0, 1, 0]"
21,0,22,21,0,3.823067982273661,0.03896103896103896,"[0, 0, 2, 1, 0, 4, 2, 0, 0, 1, 1, 0, 1, 1, 0, 0, 0, 1, 0, 1, 0, 0, 1, 1, 1, 1, 2, 0, 1]"
21,1,23,22,0,4.001822825622231,0.023715415019762844,"[1, 1, 0, 2, 1, 0, 1, 0, 2, 1, 1, 0, 1, 2, 0, 0, 1, 1, 0, 1, 1, 0, 0, 0, 0, 2, 2, 2, 0]"
21,2,24,23,0,3.8868421881310113,0.03260869565217391,"[0, 0, 0, 2, 0, 1, 1, 2, 0, 0, 3, 1, 0, 2, 0, 1, 1, 0, 2, 1, 2, 0, 2, 1, 0, 0, 1, 0, 1]"
21,3,24,23,0,3.970175521464345,0.028985507246376812,"[1, 0, 3, 2, 0, 0, 1, 0, 1, 0, 0, 1, 0, 1, 1, 2, 0, 0, 1, 2, 0, 1, 2, 0, 1, 1, 2, 1, 0]"
21,4,24,23,0,4.001629167387823,0.025362318840579712,"[2, 0, 1, 1, 0, 1, 0, 0, 0, 2, 0, 2, 1, 2, 0, 2, 0, 0, 1, 1, 1, 0, 1, 0, 1, 2, 0, 2, 1]"
21,5,22,21,0,3.788754913993503,0.03463203463203463,"[0, 1, 1, 2, 2, 0, 0, 2, 1, 0, 1, 1, 0, 3, 1, 2, 0, 0, 0, 1, 0, 0, 1, 2, 0, 0, 1, 0, 0]"
21,6,22,21,1,3.970573095811685,0.025974025974025976,"[1, 1, 1, 0, 1, 1, 0, 0, 0, 1, 0, 2, 0, 1, 1, 0, 2, 1, 2, 0, 0, 1, 1, 0, 1, 3, 0, 0, 1]"
21,7,24,23,0,3.720175521464345,0.04710144927536232,"[0, 1, 0, 3, 0, 2, 1, 1, 1, 1, 0, 0, 1, 0, 1, 0, 0, 1, 0, 0, 4, 0, 1, 2, 2, 0, 0, 2, 0]"
21,8,19,18,0,3.6421498816369042,0.04093567251461988,"[0, 0, 0, 0, 1, 1, 1, 1, 0, 0, 0, 1, 0, 3, 1, 0, 1, 0, 0, 1, 0, 3, 0, 1, 0, 1, 0, 1, 2]"
21,9,22,21,0,4.095795255000934,0.017316017316017316,"[1, 1, 1, 2, 0, 0, 1, 0, 1, 1, 1, 1, 0, 0, 1, 1, 2, 0, 1, 0, 0, 1, 0, 0, 0, 2, 1, 1, 2]"
21,10,23,22,0,3.795088586397732,0.043478260869565216,"[0, 1, 1, 1, 0, 0, 2, 4, 1, 1, 3, 0, 0, 0, 0, 0, 0, 0, 1, 1, 0, 1, 1, 1, 2, 0, 0, 1, 1]"
21,11,24,23,0,4.001629167387823,0.025362318840579712,"[2, 0, 2, 1, 0, 0, 2, 0, 0, 1, 1, 1, 0, 2, 1, 1, 0, 1, 0, 0, 0, 2, 1, 1, 2, 0, 1, 2, 0]"
22,0,22,21,0,3.6069367321753214,0.05194805194805195,"[1, 1, 3, 1, 0, 2, 2, 0, 0, 0, 1, 4, 0, 0, 1, 0, 0, 0, 2, 1, 0, 1, 0, 0, 0, 0, 1, 1, 0]"
22,1,24,23,0,3.8553885422075336,0.036231884057971016,"[0, 1, 2, 1, 3, 1, 1, 2, 2, 1, 0, 3, 0, 0, 0, 0, 1, 1, 1, 0, 1, 0, 0, 0, 2, 0, 0, 1, 0]"
22,2,23,22,0,4.1429146733542535,0.019762845849802372,"[2, 1, 3, 0, 1, 1, 0, 0, 1, 0, 0, 0, 0, 0, 0, 1, 1, 1, 1, 2, 1, 1, 1, 0, 1, 1, 1, 1, 1]"
22,3,23,22,0,3.642489673166126,0.04743083003952569,"[0, 1, 0, 1, 1, 0, 0, 3, 1, 3, 1, 1, 0, 0, 0, 0, 0, 2, 1, 3, 0, 0, 0, 1, 2, 0, 0, 2, 0]"
22,4,19,18,1,3.5766176449086657,0.04093567251461988,"[0, 0, 1, 1, 0, 1, 2, 0, 0, 0, 0, 0, 2, 0, 1, 0, 1, 0, 1, 0, 2, 0, 1, 0, 2, 0, 1, 0, 3]"
22,5,20,19,0,3.5464393446710156,0.04736842105263158,"[3, 0, 2, 0, 0, 0, 1, 1, 0, 2, 0, 0, 1, 1, 1, 1, 0, 3, 0, 0, 0, 2, 0, 0, 0, 0, 0, 1, 1]"
23,0,20,19,0,3.746439344671016,0.03684210526315789,"[0, 1, 0, 0, 0, 0, 3, 1, 0, 0, 3, 0, 1, 0, 1, 1, 1, 2, 0, 0, 0, 1, 0, 1, 1, 1, 1, 0, 1]"
23,1,17,16,0,3.4992275471326924,0.03676470588235294,"[0, 1, 0, 0, 0, 0, 1, 2, 2, 0, 1, 1, 2, 1, 0, 0, 0, 1, 0, 1, 0, 0, 0, 0, 0, 0, 2, 0, 2]"
23,2,17,16,0,3.9698157824268097,0.007352941176470588,"[1, 1, 1, 1, 1, 1, 0, 1, 0, 1, 0, 0, 0, 0, 1, 1, 0, 0, 0, 1, 0, 1, 1, 1, 0, 0, 0, 2, 1]"
23,3,23,22,0,3.936180434129755,0.03162055335968379,"[0, 1, 1, 0, 3, 1, 0, 1, 0, 1, 0, 1, 1, 0, 0, 3, 2, 0, 2, 0, 0, 0, 1, 1, 1, 1, 1, 0, 1]"
23,4,23,22,0,4.001822825622231,0.023715415019762844,"[0, 1, 2, 1, 0, 1, 1, 2, 0, 0, 0, 1, 0, 1, 0, 2, 0, 1, 2, 0, 2, 0, 1, 2, 0, 1, 1, 1, 0]"
23,5,23,22,0,4.001822825622231,0.023715415019762844,"[2, 2, 1, 2, 1, 1, 1, 1, 0, 0, 0, 0, 0, 0, 0, 0, 1, 1, 0, 1, 0, 2, 1, 0, 2, 0, 1, 2, 1]"
23,6,22,21,1,4.186704345910025,0.012987012987012988,"[1, 0, 0, 1, 1, 0, 1, 1, 0, 1, 1, 0, 0, 2, 0, 0, 1, 1, 0, 2, 1, 1, 1, 1, 1, 2, 1, 0, 1]"
23,7,22,21,0,3.7544418457133455,0.03896103896103896,"[0, 0, 0, 1, 0, 0, 0, 1, 1, 1, 1, 1, 1, 1, 1, 0, 0, 0, 2, 3, 1, 2, 0, 0, 0, 2, 0, 3, 0]"
23,8,25,24,0,3.893660689688186,0.03333333333333333,"[2, 0, 3, 2, 1, 0, 1, 0, 1, 2, 0, 2, 0, 0, 1, 0, 1, 1, 0, 0, 0, 0, 1, 0, 2, 2, 1, 2, 0]"
23,9,21,20,0,3.7849418274376427,0.03333333333333333,"[1, 3, 2, 0, 2, 1, 1, 1, 2, 0, 0, 0, 0, 1, 0, 0, 1, 0, 1, 0, 0, 0, 1, 2, 1, 0, 0, 0, 1]"
24,0,22,21,0,4.004886164091842,0.030303030303030304,"[1, 0, 0, 0, 1, 1, 0, 4, 1, 1, 0, 1, 1, 1, 0, 0, 0, 0, 1, 1, 1, 0, 1, 1, 1, 1, 0, 1, 2]"
24,1,24,23,0,4.001629167387823,0.025362318840579712,"[1, 2, 2, 1, 0, 1, 2, 1, 1, 2, 0, 0, 0, 0, 1, 1, 0, 1, 1, 1, 2, 2, 0, 0, 2, 0, 0, 0, 0]"
24,2,21,20,2,3.7489948035250964,0.0380952380952381,"[0, 3, 1, 1, 0, 1, 2, 1, 0, 0, 1, 0, 0, 2, 1, 1, 0, 0, 0, 1, 0, 0, 0, 1, 1, 0, 1, 3, 0]"
24,3,24,23,0,4.136842188131012,0.021739130434782608,"[1, 1, 0, 3, 0, 1, 0, 0, 1, 1, 1, 0, 0, 1, 1, 1, 2, 2, 0, 1, 1, 1, 1, 0, 0, 2, 1, 0, 1]"
24,4,23,22,1,3.795088586397732,0.03557312252964427,"[2, 2, 1, 3, 1, 0, 0, 0, 0, 2, 0, 0, 0, 0, 2, 1, 1, 0, 2, 1, 0, 0, 1, 1, 0, 2, 0, 1, 0]"
24,5,21,20,1,3.916126946588284,0.023809523809523808,"[0, 2, 1, 0, 1, 0, 0, 0, 2, 1, 1, 0, 0, 2, 1, 2, 0, 0, 1, 1, 1, 0, 2, 1, 0, 0, 1, 1, 0]"
24,6,22,21,0,3.788754913993503,0.03463203463203463,"[3, 0, 0, 0, 0, 0, 0, 2, 0, 0, 1, 2, 0, 1, 1, 1, 1, 1, 0, 0, 0, 2, 2, 1, 0, 1, 2, 0, 1]"
24,7,23,22,0,4.0559581516151235,0.023715415019762844,"[1, 2, 1, 1, 1, 0, 0, 0, 1, 0, 1, 0, 0, 0, 0, 1, 0, 1, 1, 0, 1, 1, 2, 0, 3, 1, 2, 1, 1]"
24,8,23,22,0,3.936180434129755,0.03162055335968379,"[1, 1, 1, 0, 1, 2, 0, 0, 0, 0, 2, 1, 1, 3, 1, 1, 1, 3, 1, 0, 1, 1, 0, 0, 0, 1, 0, 0, 0]"
24,9,22,21,0,4.004886164091843,0.021645021645021644,"[2, 0, 1, 0, 1, 2, 0, 2, 1, 1, 0, 0, 0, 0, 1, 0, 2, 0, 1, 1, 0, 0, 1, 0, 1, 1, 2, 1, 1]"
24,10,22,21,0,3.5160276412662306,0.05627705627705628,"[0, 0, 0, 1, 1, 0, 0, 0, 4, 0, 2, 1, 0, 0, 0, 2, 2, 1, 0, 0, 0, 1, 1, 0, 0, 2, 0, 1, 3]"
24,11,23,22,1,3.9148663038831,0.02766798418972332,"[0, 1, 0, 0, 1, 1, 0, 2, 0, 2, 1, 0, 2, 0, 1, 2, 1, 0, 2, 0, 1, 2, 0, 0, 1, 0, 1, 2, 0]"
25,0,22,21,0,4.004886164091843,0.021645021645021644,"[0, 0, 0, 0, 1, 2, 2, 1, 1, 2, 1, 1, 0, 1, 2, 1, 0, 1, 1, 0, 0, 1, 1, 0, 1, 0, 2, 0, 0]"
25,1,22,21,1,3.970573095811685,0.025974025974025976,"[0, 1, 1, 1, 1, 0, 2, 1, 0, 0, 0, 2, 0, 0, 3, 1, 1, 2, 1, 0, 1, 1, 0, 0, 1, 0, 1, 1, 0]"
25,2,24,23,0,3.8868421881310113,0.03260869565217391,"[2, 0, 1, 1, 0, 2, 0, 2, 0, 2, 2, 0, 1, 0, 0, 0, 0, 0, 3, 1, 0, 1, 0, 0, 2, 1, 1, 1, 1]"
25,3,23,22,0,3.740953260404839,0.043478260869565216,"[0, 4, 2, 0, 2, 0, 0, 0, 1, 2, 0, 0, 0, 2, 1, 1, 0, 0, 0, 0, 1, 0, 1, 1, 1, 2, 0, 1, 1]"
25,4,23,22,1,3.795088586397732,0.03557312252964427,"[0, 2, 2, 1, 1, 0, 0, 0, 0, 0, 1, 0, 0, 2, 0, 2, 1, 0, 0, 2, 3, 1, 2, 0, 1, 0, 1, 0, 1]"
25,5,23,22,0,3.9148663038831,0.02766798418972332,"[2, 0, 0, 2, 0, 0, 0, 1, 0, 1, 0, 0, 0, 0, 0, 2, 2, 2, 2, 1, 1, 1, 0, 1, 1, 2, 0, 1, 1]"
25,6,24,23,0,3.834962500721156,0.03260869565217391,"[1, 0, 0, 2, 0, 0, 1, 1, 0, 2, 1, 2, 0, 0, 2, 2, 2, 1, 1, 0, 2, 0, 2, 0, 2, 0, 0, 0, 0]"
25,7,23,22,0,3.6381476962048267,0.05928853754940711,"[1, 0, 0, 3, 1, 1, 5, 1, 0, 0, 0, 0, 1, 1, 0, 0, 0, 1, 2, 1, 1, 0, 0, 2, 1, 0, 0, 0, 1]"
25,8,21,20,0,4.297079327540665,0.004761904761904762,"[1, 1, 0, 0, 1, 1, 0, 0, 0, 1, 1, 1, 1, 1, 1, 0, 1, 0, 1, 1, 2, 1, 1, 1, 0, 1, 1, 0, 1]"
25,9,24,23,0,4.084962500721156,0.021739130434782608,"[1, 0, 2, 2, 1, 2, 2, 0, 1, 0, 2, 0, 0, 0, 1, 2, 0, 1, 0, 1, 1, 1, 1, 0, 0, 1, 1, 0, 1]"
25,10,23,22,1,3.8820451081368623,0.03162055335968379,"[0, 1, 1, 0, 0, 0, 1, 0, 2, 2, 1, 1, 1, 0, 0, 0, 1, 2, 2, 0, 3, 0, 1, 0, 0, 1, 1, 0, 2]"
25,11,21,20,0,4.106603137064474,0.014285714285714285,"[1, 1, 0, 0, 1, 2, 1, 0, 1, 0, 0, 1, 2, 1, 0, 2, 1, 0, 1, 1, 0, 1, 0, 1, 0, 0, 1, 1, 1]"
26,0,20,19,0,3.5464393446710156,0.04736842105263158,"[0, 0, 0, 2, 0, 0, 0, 0, 2, 2, 0, 1, 1, 1, 1, 0, 0, 0, 0, 0, 0, 1, 0, 1, 1, 0, 1, 3, 3]"
26,1,22,21,0,3.8796640049025943,0.030303030303030304,"[1, 2, 2, 0, 0, 0, 1, 0, 1, 0, 1, 0, 0, 3, 1, 1, 1, 1, 0, 0, 0, 1, 2, 0, 1, 0, 2, 0, 1]"
26,2,23,22,1,3.8820451081368623,0.03162055335968379,"[0, 0, 1, 0, 0, 1, 2, 0, 1, 2, 1, 0, 0, 1, 0, 3, 1, 1, 0, 0, 2, 2, 0, 1, 1, 0, 0, 1, 2]"
26,3,22,21,0,4.004886164091843,0.021645021645021644,"[2, 1, 0, 2, 1, 0, 1, 0, 0, 0, 2, 0, 1, 0, 2, 1, 0, 1, 1, 1, 1, 0, 0, 1, 1, 1, 0, 0, 2]"
26,4,24,23,1,3.7720552088742005,0.03985507246376811,"[2, 0, 2, 2, 0, 2, 3, 0, 1, 1, 1, 0, 1, 0, 0, 0, 0, 2, 3, 1, 0, 1, 1, 0, 0, 0, 1, 0, 0]"
26,5,23,22,0,3.8492239123906247,0.03557312252964427,"[0, 0, 2, 1, 3, 0, 1, 0, 1, 1, 0, 2, 0, 1, 1, 0, 0, 1, 1, 2, 0, 0, 1, 0, 3, 0, 0, 1, 1]"
26,6,24,23,0,4.084962500721156,0.021739130434782608,"[0, 2, 2, 1, 1, 0, 0, 0, 0, 2, 1, 2, 1, 0, 0, 1, 2, 2, 1, 0, 1, 1, 0, 1, 0, 1, 1, 1, 0]"
26,7,21,20,0,3.916126946588284,0.023809523809523808,"[1, 2, 0, 0, 1, 1, 0, 0, 0, 0, 1, 1, 0, 0, 1, 0, 1, 2, 1, 2, 1, 0, 0, 1, 2, 0, 1, 0, 2]"
26,8,19,18,0,3.3660913291191923,0.05263157894736842,"[0, 2, 0, 0, 0, 0, 1, 0, 0, 0, 0, 0, 0, 2, 0, 0, 1, 0, 2, 3, 0, 1, 0, 0, 2, 0, 2, 2, 1]"
26,9,24,23,0,4.136842188131012,0.021739130434782608,"[1, 0, 1, 0, 0, 1, 0, 0, 1, 1, 2, 0, 1, 1, 1, 2, 2, 0, 1, 0, 0, 1, 3, 1, 1, 1, 1, 1, 0]"
26,10,23,22,0,4.001822825622231,0.023715415019762844,"[1, 0, 0, 0, 2, 1, 0, 1, 2, 2, 1, 0, 1, 1, 0, 1, 2, 1, 1, 0, 1, 0, 0, 0, 2, 0, 1, 0, 2]"
26,11,20,19,0,3.521928094887363,0.05263157894736842,"[1, 1, 0, 2, 0, 0, 1, 2, 1, 0, 0, 2, 0, 0, 1, 1, 2, 0, 0, 0, 1, 4, 1, 0, 0, 0, 0, 0, 0]"
27,0,20,19,1,3.6219280948873624,0.04736842105263158,"[0, 0, 0, 1, 0, 1, 0, 0, 1, 1, 1, 0, 1, 2, 0, 2, 0, 0, 1, 2, 4, 0, 0, 0, 1, 1, 1, 0, 0]"
27,1,17,16,0,3.4548223999466057,0.04411764705882353,"[2, 3, 0, 0, 0, 0, 1, 0, 2, 0, 1, 1, 0, 1, 0, 0, 0, 2, 1, 0, 0, 0, 0, 1, 0, 1, 0, 1, 0]"
27,2,18,17,0,3.5724312513221195,0.0392156862745098,"[1, 0, 2, 0, 1, 1, 1, 0, 0, 1, 0, 0, 0, 1, 0, 0, 0, 2, 0, 3, 1, 0, 0, 0, 0, 2, 1, 0, 1]"
27,3,22,21,0,3.5383105956150063,0.05194805194805195,"[2, 0, 0, 2, 3, 1, 2, 0, 0, 0, 0, 1, 1, 1, 0, 0, 0, 3, 1, 0, 0, 0, 0, 0, 0, 1, 0, 1, 3]"
27,4,21,20,2,3.7256507561120937,0.04285714285714286,"[0, 1, 0, 2, 2, 1, 0, 0, 0, 1, 0, 1, 1, 0, 1, 1, 1, 0, 4, 0, 1, 0, 1, 0, 1, 0, 2, 0, 0]"
27,5,22,21,0,3.7544418457133455,0.03896103896103896,"[1, 1, 0, 0, 0, 0, 1, 1, 0, 1, 1, 1, 0, 1, 0, 2, 3, 0, 0, 0, 1, 3, 0, 0, 2, 0, 1, 0, 2]"
27,6,25,24,1,3.813660689688186,0.043333333333333335,"[1, 1, 0, 0, 2, 0, 0, 2, 1, 1, 4, 0, 0, 0, 0, 0, 0, 1, 0, 3, 1, 1, 2, 1, 1, 1, 2, 0, 0]"
27,7,21,20,0,3.880179922675738,0.02857142857142857,"[0, 0, 0, 2, 1, 1, 0, 2, 0, 0, 0, 0, 0, 1, 0, 1, 3, 2, 1, 0, 1, 0, 1, 1, 1, 0, 1, 1, 1]"
27,8,24,23,0,3.8868421881310113,0.03260869565217391,"[1, 2, 2, 2, 2, 0, 1, 0, 0, 2, 0, 1, 1, 0, 0, 0, 1, 0, 1, 0, 0, 1, 0, 0, 3, 1, 0, 2, 1]"
27,9,22,21,0,4.004886164091843,0.021645021645021644,"[1, 0, 0, 0, 2, 1, 1, 0, 0, 0, 1, 0, 0, 0, 1, 0, 1, 2, 1, 2, 0, 1, 1, 2, 1, 1, 1, 0, 2]"
27,10,22,21,1,3.7544418457133455,0.03896103896103896,"[2, 0, 0, 1, 1, 2, 0, 0, 1, 3, 0, 0, 0, 3, 1, 1, 1, 0, 0, 1, 0, 1, 1, 2, 0, 0, 0, 1, 0]"
28,0,23,22,0,4.001822825622231,0.03162055335968379,"[0, 0, 1, 0, 0, 1, 0, 4, 0, 1, 1, 2, 0, 1, 1, 0, 1, 1, 0, 0, 1, 1, 1, 2, 1, 0, 1, 1, 1]"
28,1,23,22,0,4.2626923908396215,0.011857707509881422,"[1, 0, 2, 0, 2, 1, 1, 0, 1, 0, 2, 1, 1, 1, 0, 1, 1, 1, 1, 0, 1, 1, 1, 1, 0, 0, 1, 0, 1]"
28,2,25,24,0,4.213660689688186,0.02,"[1, 0, 1, 1, 0, 1, 1, 3, 1, 1, 1, 0, 0, 0, 1, 2, 0, 2, 1, 1, 1, 0, 1, 1, 1, 2, 0, 0, 1]"
28,3,23,22,0,3.936180434129755,0.03162055335968379,"[1, 2, 0, 0, 1, 1, 0, 0, 1, 1, 2, 0, 1, 3, 0, 0, 1, 1, 1, 0, 0, 1, 1, 3, 0, 0, 1, 1, 0]"
28,4,23,22,0,4.023136955868885,0.02766798418972332,"[1, 0, 0, 1, 1, 0, 0, 0, 0, 0, 1, 3, 1, 0, 1, 1, 1, 1, 1, 3, 0, 0, 1, 1, 2, 1, 1, 1, 0]"
28,5,23,22,0,3.8279097821439696,0.039525691699604744,"[2, 1, 0, 1, 1, 0, 0, 0, 2, 4, 1, 0, 1, 1, 0, 1, 0, 0, 0, 1, 1, 1, 0, 1, 2, 0, 0, 0, 2]"
28,6,22,21,0,3.6635327548042547,0.04329004329004329,"[2, 0, 0, 1, 0, 0, 0, 1, 1, 0, 2, 3, 2, 1, 1, 0, 0, 0, 1, 0, 0, 0, 0, 0, 1, 2, 0, 1, 3]"
28,7,25,24,0,3.7532696895151085,0.043333333333333335,"[2, 1, 1, 1, 0, 0, 1, 1, 0, 0, 3, 0, 0, 0, 0, 2, 1, 3, 1, 2, 0, 2, 3, 0, 1, 0, 0, 0, 0]"
28,8,21,20,0,3.916126946588284,0.023809523809523808,"[2, 0, 0, 2, 1, 1, 0, 0, 0, 1, 0, 2, 0, 2, 0, 0, 0, 0, 1, 1, 1, 2, 0, 1, 1, 0, 1, 1, 1]"
28,9,21,20,0,3.6537567082870015,0.04285714285714286,"[0, 1, 0, 2, 0, 0, 3, 1, 0, 3, 0, 1, 0, 1, 1, 0, 0, 1, 0, 1, 0, 0, 1, 2, 0, 0, 1, 0, 2]"
28,10,18,17,0,3.94770277922009,0.013071895424836602,"[0, 1, 1, 0, 0, 2, 1, 0, 1, 0, 0, 1, 1, 1, 1, 0, 0, 1, 0, 1, 0, 1, 0, 1, 1, 0, 0, 1, 2]"
28,11,22,21,0,4.0614821867207755,0.021645021645021644,"[0, 0, 1, 0, 0, 0, 0, 1, 0, 0, 1, 2, 1, 0, 1, 1, 1, 1, 0, 1, 1, 2, 1, 0, 1, 1, 1, 3, 1]"
29,0,22,21,0,3.6978458230844122,0.03896103896103896,"[0, 2, 2, 0, 0, 0, 2, 0, 1, 0, 0, 1, 0, 0, 0, 0, 3, 1, 0, 0, 1, 2, 1, 1, 2, 1, 2, 0, 0]"
29,1,26,25,0,4.056020968057882,0.027692307692307693,"[1, 1, 1, 0, 1, 0, 1, 1, 0, 2, 2, 0, 0, 1, 0, 1, 0, 2, 0, 0, 2, 1, 2, 1, 2, 3, 1, 0, 0]"
29,2,22,21,0,3.970573095811685,0.025974025974025976,"[0, 1, 1, 0, 0, 1, 2, 1, 0, 0, 2, 1, 0, 1, 2, 1, 0, 0, 1, 0, 1, 1, 3, 1, 0, 0, 1, 0, 1]"
29,3,23,22,1,3.8820451081368623,0.03162055335968379,"[3, 2, 1, 0, 0, 1, 2, 0, 0, 0, 2, 1, 1, 0, 0, 2, 1, 1, 0, 0, 2, 1, 0, 1, 0, 0, 0, 1, 1]"
29,4,23,22,1,4.0559581516151235,0.023715415019762844,"[0, 1, 1, 1, 1, 1, 0, 0, 1, 0, 2, 2, 3, 1, 0, 1, 0, 2, 1, 1, 0, 0, 1, 0, 0, 1, 1, 1, 0]"
29,5,23,22,0,3.936180434129755,0.03162055335968379,"[0, 0, 3, 1, 1, 1, 0, 2, 2, 1, 1, 1, 0, 1, 1, 0, 1, 0, 0, 1, 0, 1, 0, 0, 1, 1, 0, 3, 0]"
29,6,23,22,1,4.1757358691004915,0.015810276679841896,"[0, 1, 1, 0, 2, 1, 0, 0, 0, 2, 1, 1, 1, 0, 1, 1, 1, 0, 1, 1, 1, 1, 2, 1, 0, 2, 0, 1, 0]"
29,7,23,22,0,3.9690016298759927,0.02766798418972332,"[1, 0, 0, 2, 2, 2, 1, 1, 0, 0, 0, 0, 0, 0, 0, 1, 1, 1, 1, 1, 2, 0, 1, 3, 1, 0, 1, 1, 0]"
29,8,24,23,1,4.053508854797678,0.025362318840579712,"[0, 0, 0, 1, 0, 1, 0, 1, 0, 0, 2, 1, 1, 0, 1, 2, 0, 1, 3, 2, 1, 1, 1, 0, 1, 2, 1, 1, 0]"
29,9,22,21,0,3.788754913993503,0.04329004329004329,"[1, 0, 1, 1, 1, 1, 0, 1, 1, 1, 0, 4, 1, 1, 1, 0, 0, 0, 0, 0, 2, 0, 0, 3, 1, 0, 0, 1, 0]"
29,10,24,23,0,3.7720552088742005,0.03985507246376811,"[2, 0, 1, 0, 0, 0, 1, 1, 2, 0, 3, 0, 1, 0, 0, 0, 0, 2, 3, 2, 2, 1, 1, 1, 0, 0, 0, 0, 1]"
29,11,22,21,0,3.6635327548042547,0.04329004329004329,"[0, 0, 0, 2, 0, 1, 1, 1, 3, 1, 0, 2, 1, 2, 0, 0, 0, 0, 3, 2, 0, 1, 1, 1, 0, 0, 0, 0, 0]"
30,0,20,19,0,3.684183719779189,0.03684210526315789,"[0, 1, 0, 0, 2, 0, 0, 0, 0, 0, 0, 0, 1, 2, 1, 0, 0, 1, 2, 1, 0, 0, 1, 1, 1, 1, 3, 0, 2]"
30,1,22,21,0,3.788754913993503,0.03463203463203463,"[0, 1, 0, 3, 2, 0, 2, 0, 2, 0, 0, 0, 0, 0, 2, 1, 0, 1, 1, 0, 0, 0, 1, 1, 1, 2, 0, 1, 1]"
30,2,20,19,0,3.584183719779189,0.042105263157894736,"[0, 0, 0, 0, 0, 2, 2, 1, 2, 0, 1, 1, 1, 0, 2, 1, 0, 0, 0, 0, 0, 1, 0, 1, 0, 0, 0, 2, 3]"
30,3,22,21,1,3.788754913993503,0.03463203463203463,"[1, 1, 3, 2, 2, 0, 2, 0, 0, 0, 1, 0, 2, 0, 1, 0, 1, 0, 1, 0, 0, 0, 1, 0, 0, 0, 1, 1, 2]"
30,4,22,21,0,3.8796640049025943,0.030303030303030304,"[1, 0, 0, 3, 2, 0, 1, 0, 0, 0, 0, 0, 0, 2, 0, 1, 2, 0, 1, 1, 1, 1, 2, 0, 1, 1, 0, 1, 1]"
30,5,24,23,0,3.8868421881310113,0.03260869565217391,"[2, 1, 1, 2, 0, 1, 0, 2, 0, 1, 0, 1, 2, 0, 0, 0, 2, 0, 1, 0, 3, 1, 2, 1, 1, 0, 0, 0, 0]"
30,6,22,21,0,3.5160276412662306,0.05627705627705628,"[1, 3, 1, 0, 2, 0, 0, 0, 0, 0, 0, 0, 2, 1, 1, 0, 0, 4, 0, 0, 1, 0, 2, 0, 1, 0, 0, 2, 1]"
30,7,23,22,0,3.8492239123906247,0.03557312252964427,"[1, 0, 1, 0, 0, 1, 0, 2, 0, 0, 1, 0, 1, 1, 1, 0, 1, 0, 1, 0, 1, 3, 2, 0, 0, 3, 2, 1, 0]"
30,8,22,21,0,3.8796640049025943,0.030303030303030304,"[1, 1, 0, 0, 0, 1, 0, 1, 0, 0, 1, 0, 0, 2, 0, 1, 1, 0, 0, 0, 2, 2, 0, 1, 3, 1, 2, 1, 1]"
30,9,19,18,0,3.6818808028034025,0.03508771929824561,"[0, 0, 0, 0, 0, 0, 1, 0, 2, 0, 1, 0, 1, 0, 1, 1, 0, 1, 1, 1, 2, 0, 0, 1, 0, 0, 3, 1, 2]"
30,10,23,22,0,3.936180434129755,0.03162055335968379,"[0, 0, 1, 1, 1, 0, 0, 1, 1, 1, 1, 0, 0, 0, 2, 1, 1, 0, 1, 3, 0, 0, 0, 1, 3, 2, 1, 0, 1]"
30,11,24,23,1,4.053508854797678,0.025362318840579712,"[1, 1, 1, 1, 1, 1, 1, 1, 1, 2, 0, 0, 2, 0, 1, 2, 0, 1, 2, 0, 0, 0, 3, 0, 1, 1, 0, 0, 0]"
31,0,23,22,0,4.088779347361361,0.019762845849802372,"[1, 0, 1, 1, 1, 1, 0, 0, 1, 1, 2, 0, 0, 1, 1, 2, 1, 1, 1, 0, 1, 2, 0, 2, 0, 0, 0, 2, 0]"
31,1,22,21,0,3.823067982273661,0.030303030303030304,"[0, 1, 0, 0, 0, 2, 0, 0, 2, 1, 1, 1, 1, 2, 2, 1, 1, 0, 0, 1, 2, 0, 0, 2, 0, 2, 0, 0, 0]"
31,2,24,23,0,3.970175521464345,0.028985507246376812,"[0, 0, 1, 2, 0, 1, 2, 0, 3, 1, 1, 1, 0, 2, 0, 1, 1, 1, 0, 2, 1, 0, 0, 1, 0, 2, 0, 1, 0]"
31,3,24,23,0,3.970175521464345,0.028985507246376812,"[1, 0, 1, 0, 2, 1, 0, 1, 0, 0, 2, 1, 1, 0, 0, 1, 2, 3, 1, 1, 2, 0, 0, 1, 1, 0, 0, 0, 2]"
31,4,22,21,0,4.0614821867207755,0.021645021645021644,"[1, 0, 1, 0, 1, 1, 0, 0, 0, 0, 1, 1, 1, 1, 1, 1, 2, 1, 1, 0, 0, 0, 0, 0, 2, 1, 3, 1, 1]"
31,5,22,21,0,3.970573095811685,0.025974025974025976,"[3, 1, 1, 2, 1, 0, 1, 0, 2, 0, 1, 0, 1, 0, 1, 1, 0, 1, 0, 1, 0, 0, 0, 1, 1, 1, 2, 0, 0]"
31,6,21,20,0,4.011365041826379,0.01904761904761905,"[1, 2, 1, 0, 1, 1, 0, 0, 0, 0, 0, 2, 1, 1, 1, 0, 2, 1, 2, 0, 0, 1, 0, 1, 1, 1, 0, 0, 1]"
31,7,22,21,0,3.6978458230844122,0.03896103896103896,"[0, 0, 0, 1, 3, 0, 0, 2, 1, 1, 0, 0, 2, 1, 1, 0, 0, 2, 2, 0, 0, 1, 0, 1, 0, 0, 2, 2, 0]"
31,8,21,20,0,4.106603137064474,0.014285714285714285,"[1, 0, 1, 0, 0, 0, 2, 1, 1, 1, 1, 1, 0, 1, 1, 0, 0, 0, 1, 2, 2, 0, 1, 1, 0, 1, 0, 1, 1]"
31,9,24,23,0,4.084962500721156,0.021739130434782608,"[1, 1, 1, 0, 1, 0, 1, 2, 2, 0, 1, 1, 1, 2, 0, 0, 0, 2, 1, 0, 0, 1, 2, 0, 2, 0, 1, 1, 0]"
31,10,22,21,0,3.970573095811685,0.025974025974025976,"[0, 0, 1, 1, 1, 0, 0, 3, 1, 1, 0, 2, 1, 0, 1, 1, 0, 1, 2, 0, 0, 1, 1, 2, 1, 0, 0, 1, 0]"
31,11,22,21,0,3.970573095811685,0.025974025974025976,"[0, 0, 0, 1, 1, 0, 1, 0, 0, 0, 1, 2, 1, 1, 3, 0, 1, 0, 0, 1, 1, 2, 2, 1, 1, 0, 0, 1, 1]"
32,0,25,24,0,3.8438561897747245,0.04,"[0, 1, 2, 0, 0, 1, 0, 4, 2, 0, 1, 0, 0, 1, 0, 1, 0, 2, 1, 1, 1, 1, 2, 0, 0, 2, 0, 2, 0]"
32,1,23,22,1,3.9690016298759927,0.02766798418972332,"[3, 0, 2, 2, 1, 0, 0, 1, 1, 0, 0, 0, 1, 0, 1, 1, 1, 1, 1, 1, 1, 1, 0, 2, 0, 0, 0, 2, 0]"
32,2,23,22,0,3.795088586397732,0.043478260869565216,"[0, 0, 2, 0, 1, 0, 1, 3, 0, 1, 0, 0, 0, 0, 4, 1, 1, 1, 0, 1, 1, 0, 0, 1, 1, 1, 1, 2, 0]"
32,3,21,20,0,3.880179922675738,0.02857142857142857,"[0, 2, 1, 1, 0, 0, 0, 1, 2, 0, 0, 1, 1, 1, 0, 1, 1, 1, 0, 0, 0, 3, 1, 0, 1, 0, 0, 1, 2]"
32,4,22,21,1,4.0614821867207755,0.021645021645021644,"[0, 3, 0, 1, 1, 0, 1, 1, 0, 2, 0, 1, 0, 0, 0, 1, 1, 2, 1, 1, 1, 0, 1, 1, 1, 0, 1, 0, 1]"
32,5,7,6,0,2.8073549220576037,0.0,"[1, 0, 0, 0, 0, 0, 1, 0, 0, 0, 0, 1, 1, 0, 0, 0, 1, 1, 0, 0, 0, 0, 0, 0, 1, 0, 0, 0, 0]"
33,0,18,17,0,3.7254805569978675,0.026143790849673203,"[2, 0, 0, 0, 0, 1, 1, 1, 1, 0, 1, 0, 2, 0, 1, 0, 1, 0, 1, 0, 0, 0, 2, 1, 2, 0, 0, 0, 1]"
33,1,16,15,0,3.625,0.025,"[0, 0, 1, 1, 1, 0, 1, 1, 0, 1, 0, 0, 0, 0, 1, 1, 0, 0, 0, 2, 0, 0, 0, 0, 0, 1, 2, 2, 1]"
33,2,18,17,0,3.94770277922009,0.013071895424836602,"[1, 1, 1, 0, 1, 0, 0, 1, 2, 0, 0, 1, 0, 0, 0, 1, 1, 1, 0, 0, 1, 1, 1, 1, 0, 1, 0, 2, 0]"
33,3,23,22,0,3.9148663038831,0.03557312252964427,"[0, 1, 1, 1, 0, 0, 1, 4, 0, 1, 1, 2, 0, 0, 0, 1, 2, 0, 0, 2, 1, 0, 0, 1, 1, 1, 1, 0, 1]"
33,4,16,15,0,3.625,0.025,"[0, 1, 0, 0, 0, 0, 1, 2, 1, 0, 1, 2, 0, 1, 0, 1, 0, 0, 2, 0, 1, 1, 0, 0, 0, 1, 0, 1, 0]"
33,5,19,18,0,3.787143960698139,0.029239766081871343,"[1, 1, 2, 0, 1, 1, 0, 0, 0, 1, 1, 0, 2, 0, 0, 0, 0, 1, 1, 0, 0, 1, 1, 1, 0, 0, 3, 1, 0]"
33,6,18,17,0,3.8365916681089787,0.0196078431372549,"[1, 0, 0, 0, 1, 1, 0, 2, 1, 2, 1, 1, 1, 0, 1, 0, 0, 1, 0, 2, 0, 0, 0, 1, 1, 0, 0, 1, 0]"
33,7,18,17,0,3.7254805569978675,0.026143790849673203,"[0, 1, 0, 2, 0, 0, 0, 1, 0, 0, 1, 2, 2, 2, 0, 1, 1, 1, 1, 0, 0, 0, 1, 0, 1, 0, 0, 0, 1]"
33,8,22,21,1,3.8453509366224363,0.03463203463203463,"[1, 1, 1, 3, 0, 1, 1, 1, 0, 0, 0, 1, 0, 0, 2, 0, 3, 1, 0, 1, 1, 1, 0, 2, 0, 0, 0, 0, 1]"
33,9,22,21,1,3.7544418457133455,0.03896103896103896,"[1, 1, 1, 0, 0, 0, 0, 2, 0, 0, 1, 0, 1, 1, 0, 3, 0, 1, 2, 0, 0, 1, 0, 3, 1, 0, 0, 2, 1]"
33,10,24,23,0,4.0220552088742005,0.028985507246376812,"[2, 1, 1, 0, 3, 0, 2, 0, 1, 1, 0, 1, 0, 0, 1, 0, 0, 1, 0, 1, 1, 0, 1, 1, 3, 1, 1, 1, 0]"
34,0,22,21,0,3.8796640049025943,0.030303030303030304,"[0, 1, 1, 0, 0, 0, 0, 0, 3, 2, 2, 0, 2, 1, 0, 1, 1, 1, 1, 2, 1, 0, 0, 1, 0, 1, 0, 0, 1]"
34,1,23,22,0,3.9690016298759927,0.02766798418972332,"[1, 0, 1, 1, 0, 3, 1, 1, 1, 0, 1, 0, 2, 0, 0, 2, 1, 0, 0, 0, 1, 2, 0, 1, 1, 1, 0, 0, 2]"
34,2,24,23,0,3.8868421881310113,0.03260869565217391,"[0, 1, 0, 1, 0, 2, 1, 1, 1, 1, 0, 1, 2, 2, 0, 2, 1, 0, 0, 1, 3, 2, 0, 0, 2, 0, 0, 0, 0]"
34,3,20,19,0,3.3841837197791893,0.06315789473684211,"[0, 1, 0, 0, 0, 1, 0, 0, 0, 2, 0, 0, 1, 0, 4, 1, 3, 0, 0, 2, 0, 0, 1, 1, 0, 2, 1, 0, 0]"
34,4,21,20,0,4.011365041826379,0.01904761904761905,"[0, 1, 1, 2, 0, 0, 2, 0, 1, 2, 0, 1, 1, 1, 1, 1, 0, 1, 0, 0, 1, 0, 1, 1, 1, 0, 0, 0, 2]"
34,5,25,24,0,4.053660689688186,0.02666666666666667,"[1, 1, 1, 0, 1, 0, 1, 2, 2, 1, 2, 3, 0, 0, 1, 1, 1, 2, 2, 0, 0, 0, 1, 0, 1, 1, 0, 0, 0]"
34,6,21,20,0,3.916126946588284,0.023809523809523808,"[0, 2, 1, 0, 1, 0, 0, 1, 1, 1, 1, 0, 0, 0, 2, 0, 0, 0, 1, 1, 0, 2, 1, 2, 2, 1, 0, 0, 1]"
34,7,22,21,0,4.095795255000934,0.017316017316017316,"[1, 0, 0, 1, 0, 1, 1, 1, 1, 1, 0, 1, 0, 2, 2, 0, 0, 2, 1, 1, 1, 0, 0, 1, 0, 2, 1, 1, 0]"
34,8,22,21,0,4.0614821867207755,0.021645021645021644,"[1, 1, 1, 1, 0, 0, 2, 0, 0, 1, 1, 1, 1, 3, 0, 1, 1, 1, 1, 0, 0, 2, 0, 1, 1, 0, 0, 0, 1]"
34,9,21,20,1,3.7489948035250964,0.0380952380952381,"[1, 1, 0, 0, 1, 2, 2, 1, 0, 0, 0, 1, 0, 1, 1, 0, 0, 0, 0, 1, 1, 1, 1, 0, 3, 0, 3, 0, 0]"
34,10,21,20,0,3.9754180179138334,0.023809523809523808,"[0, 1, 1, 1, 1, 1, 0, 2, 1, 0, 0, 0, 0, 1, 1, 2, 0, 0, 1, 1, 1, 0, 1, 3, 0, 0, 1, 1, 0]"
34,11,19,18,0,3.787143960698139,0.029239766081871343,"[1, 1, 1, 1, 0, 0, 0, 2, 1, 0, 0, 0, 0, 1, 1, 0, 0, 0, 1, 1, 0, 0, 1, 2, 1, 0, 0, 1, 3]"
35,0,23,22,0,4.1429146733542535,0.019762845849802372,"[0, 2, 1, 0, 0, 3, 1, 1, 1, 1, 2, 0, 0, 1, 0, 0, 1, 0, 1, 0, 1, 1, 0, 1, 1, 1, 1, 1, 1]"
35,1,24,23,0,3.7720552088742005,0.03985507246376811,"[1, 0, 0, 2, 1, 1, 0, 0, 0, 0, 3, 2, 1, 1, 0, 0, 0, 1, 1, 2, 0, 0, 3, 1, 2, 0, 2, 0, 0]"
35,2,21,20,0,3.6897037321995474,0.0380952380952381,"[0, 0, 0, 0, 0, 1, 0, 0, 0, 0, 0, 0, 0, 0, 0, 1, 1, 1, 3, 0, 1, 1, 1, 2, 2, 2, 1, 2, 2]"
35,3,22,21,0,3.8796640049025943,0.030303030303030304,"[0, 0, 1, 2, 0, 1, 1, 1, 0, 0, 0, 1, 0, 1, 2, 1, 2, 0, 1, 0, 3, 2, 0, 0, 1, 1, 1, 0, 0]"
35,4,22,21,0,3.788754913993503,0.03463203463203463,"[1, 0, 0, 1, 0, 0, 2, 0, 1, 1, 1, 1, 0, 0, 2, 0, 0, 0, 1, 1, 0, 2, 3, 0, 0, 1, 2, 2, 0]"
35,5,20,19,0,3.8219280948873626,0.02631578947368421,"[0, 0, 0, 0, 2, 1, 2, 0, 1, 0, 0, 0, 1, 1, 1, 1, 0, 0, 0, 1, 2, 0, 1, 1, 2, 0, 0, 1, 2]"
35,6,23,22,0,3.8492239123906247,0.03557312252964427,"[0, 1, 2, 0, 3, 1, 1, 0, 1, 0, 1, 1, 0, 1, 0, 1, 0, 0, 2, 0, 0, 0, 3, 1, 1, 1, 0, 2, 0]"
35,7,23,22,0,4.1757358691004915,0.015810276679841896,"[1, 0, 1, 1, 1, 2, 0, 0, 0, 0, 1, 1, 2, 0, 1, 1, 2, 1, 1, 1, 0, 1, 0, 0, 1, 1, 1, 2, 0]"
35,8,24,23,1,4.053508854797678,0.025362318840579712,"[0, 1, 2, 0, 0, 1, 0, 1, 0, 1, 1, 1, 1, 1, 2, 3, 0, 1, 1, 0, 2, 1, 2, 0, 1, 1, 0, 0, 0]"
35,9,23,22,1,3.7081320646586016,0.039525691699604744,"[0, 1, 0, 0, 2, 0, 0, 1, 2, 0, 2, 2, 2, 0, 1, 0, 2, 0, 0, 0, 3, 0, 1, 0, 0, 1, 0, 2, 1]"
35,10,24,23,0,4.053508854797678,0.025362318840579712,"[0, 1, 0, 1, 2, 1, 2, 1, 1, 1, 3, 0, 1, 0, 0, 1, 2, 0, 0, 1, 1, 0, 2, 1, 0, 0, 1, 0, 1]"
35,11,22,21,1,3.629219686524097,0.047619047619047616,"[1, 3, 0, 0, 1, 1, 1, 0, 0, 0, 1, 0, 3, 0, 0, 0, 3, 1, 0, 1, 2, 0, 0, 0, 0, 2, 1, 0, 1]"
36,0,23,22,1,3.8492239123906247,0.03557312252964427,"[1, 1, 0, 3, 1, 0, 1, 1, 1, 3, 1, 0, 0, 1, 2, 0, 0, 0, 0, 0, 1, 1, 0, 0, 0, 2, 2, 0, 1]"
36,1,24,23,0,3.8553885422075336,0.036231884057971016,"[0, 2, 1, 0, 1, 0, 0, 0, 0, 2, 1, 2, 1, 3, 0, 1, 0, 0, 0, 0, 1, 1, 2, 0, 1, 3, 1, 0, 1]"
36,2,22,21,0,3.6069367321753214,0.05194805194805195,"[0, 1, 1, 0, 1, 0, 0, 0, 0, 0, 0, 0, 1, 2, 2, 0, 1, 1, 0, 2, 0, 1, 1, 0, 1, 3, 4, 0, 0]"
36,3,22,21,1,3.7544418457133455,0.03896103896103896,"[3, 3, 0, 1, 2, 0, 1, 0, 0, 0, 1, 2, 1, 1, 1, 0, 1, 0, 1, 1, 0, 0, 0, 0, 0, 0, 1, 2, 0]"
36,4,8,7,0,2.75,0.03571428571428571,"[0, 0, 1, 1, 0, 0, 1, 0, 2, 0, 1, 0, 0, 0, 0, 0, 0, 0, 0, 0, 0, 0, 0, 1, 0, 0, 0, 1, 0]"
36,5,21,20,0,3.7849418274376427,0.03333333333333333,"[0, 0, 2, 1, 0, 2, 0, 0, 1, 0, 0, 0, 1, 0, 3, 1, 1, 0, 0, 1, 1, 0, 1, 1, 2, 2, 0, 0, 1]"
36,6,25,24,0,3.893660689688186,0.03333333333333333,"[1, 0, 0, 1, 2, 0, 0, 2, 0, 2, 3, 1, 0, 1, 2, 2, 2, 0, 0, 1, 0, 0, 2, 0, 1, 0, 1, 1, 0]"
36,7,22,21,0,3.8453509366224363,0.03463203463203463,"[0, 1, 0, 1, 1, 0, 0, 1, 1, 0, 2, 2, 0, 0, 0, 0, 1, 1, 1, 1, 0, 1, 3, 3, 0, 0, 0, 1, 1]"
36,8,24,23,0,3.8035088547976783,0.036231884057971016,"[1, 3, 2, 2, 1, 1, 1, 0, 0, 0, 2, 0, 0, 0, 0, 1, 0, 0, 2, 0, 2, 1, 2, 1, 0, 0, 2, 0, 0]"
36,9,26,25,0,3.95006375643621,0.033846153846153845,"[2, 1, 1, 0, 0, 0, 1, 0, 0, 2, 2, 1, 1, 1, 0, 0, 0, 3, 0, 1, 1, 2, 3, 0, 1, 1, 2, 0, 0]"
36,10,21,20,1,3.7849418274376427,0.03333333333333333,"[0, 0, 0, 1, 2, 0, 1, 0, 1, 3, 1, 1, 1, 0, 2, 0, 0, 1, 0, 0, 1, 0, 0, 1, 2, 2, 1, 0, 0]"
37,0,20,19,0,3.584183719779189,0.042105263157894736,"[0, 1, 0, 0, 0, 0, 0, 1, 0, 2, 2, 0, 0, 2, 3, 1, 2, 0, 1, 0, 0, 1, 0, 0, 1, 0, 2, 0, 1]"
37,1,23,22,0,3.588354347173233,0.04743083003952569,"[0, 0, 0, 0, 3, 3, 1, 0, 2, 0, 0, 1, 0, 0, 0, 2, 2, 1, 2, 0, 0, 2, 1, 0, 2, 0, 0, 1, 0]"
37,2,24,23,0,4.0220552088742005,0.028985507246376812,"[0, 1, 1, 2, 1, 1, 0, 2, 1, 0, 1, 0, 0, 1, 0, 1, 1, 0, 1, 0, 3, 1, 1, 0, 3, 0, 1, 0, 1]"
37,3,24,23,0,3.970175521464345,0.028985507246376812,"[2, 0, 2, 2, 1, 2, 0, 1, 0, 3, 0, 0, 1, 1, 0, 1, 0, 2, 1, 1, 0, 1, 0, 1, 1, 0, 1, 0, 0]"
37,4,22,21,0,3.8796640049025943,0.030303030303030304,"[2, 1, 0, 0, 1, 0, 0, 2, 0, 1, 1, 1, 0, 1, 2, 0, 0, 1, 1, 0, 1, 1, 0, 3, 2, 1, 0, 0, 0]"
37,5,20,19,0,3.584183719779189,0.042105263157894736,"[0, 1, 0, 0, 1, 0, 0, 0, 0, 0, 0, 2, 2, 1, 0, 0, 1, 0, 1, 1, 0, 2, 0, 0, 2, 3, 1, 0, 2]"
37,6,24,23,0,3.8868421881310113,0.03260869565217391,"[0, 1, 2, 2, 0, 1, 2, 1, 3, 0, 2, 1, 0, 0, 0, 1, 0, 0, 0, 0, 0, 0, 2, 1, 1, 1, 0, 2, 1]"
37,7,24,23,0,3.970175521464345,0.028985507246376812,"[2, 1, 0, 0, 0, 1, 2, 1, 0, 0, 2, 1, 0, 0, 0, 1, 2, 3, 0, 1, 0, 1, 1, 1, 1, 1, 0, 2, 0]"
37,8,8,7,0,2.75,0.03571428571428571,"[0, 0, 0, 0, 1, 0, 2, 1, 0, 0, 0, 0, 0, 0, 0, 0, 0, 0, 1, 1, 0, 0, 0, 0, 1, 0, 1, 0, 0]"
37,9,20,19,0,3.584183719779189,0.042105263157894736,"[0, 0, 0, 0, 1, 0, 0, 0, 2, 1, 1, 2, 0, 0, 2, 2, 0, 1, 0, 3, 0, 1, 0, 1, 0, 0, 2, 1, 0]"
37,10,19,18,0,3.6163485660751644,0.03508771929824561,"[0, 1, 1, 0, 0, 2, 0, 2, 1, 0, 0, 0, 0, 0, 2, 0, 0, 0, 2, 1, 0, 0, 0, 1, 2, 1, 1, 0, 2]"
38,0,23,22,0,3.936180434129755,0.03162055335968379,"[1, 2, 1, 0, 1, 3, 0, 0, 1, 0, 1, 0, 1, 0, 0, 3, 1, 0, 1, 1, 0, 1, 0, 1, 0, 2, 1, 1, 0]"
38,1,21,20,0,3.6897037321995474,0.0380952380952381,"[0, 3, 0, 0, 1, 2, 0, 1, 1, 2, 0, 0, 0, 2, 2, 0, 0, 0, 1, 0, 0, 1, 0, 0, 1, 2, 1, 0, 1]"
38,2,13,12,0,3.546593564294939,0.01282051282051282,"[0, 0, 0, 1, 1, 1, 0, 1, 0, 0, 0, 0, 1, 0, 1, 0, 0, 1, 0, 2, 1, 0, 1, 0, 0, 1, 1, 0, 0]"
38,3,21,20,0,3.7849418274376427,0.03333333333333333,"[1, 0, 1, 0, 0, 1, 1, 2, 2, 0, 0, 1, 1, 0, 1, 0, 1, 1, 0, 2, 0, 0, 2, 0, 0, 3, 0, 0, 1]"
38,4,23,22,0,3.8820451081368623,0.03162055335968379,"[0, 0, 0, 2, 1, 0, 0, 0, 2, 0, 3, 1, 0, 1, 0, 0, 1, 1, 1, 2, 1, 1, 0, 1, 0, 0, 2, 2, 1]"
38,5,21,20,0,4.011365041826379,0.01904761904761905,"[0, 1, 1, 0, 1, 1, 1, 0, 2, 1, 1, 0, 0, 0, 0, 1, 1, 1, 2, 0, 0, 1, 1, 0, 0, 1, 0, 2, 2]"
38,6,23,22,0,4.0559581516151235,0.023715415019762844,"[0, 0, 0, 1, 1, 0, 2, 1, 2, 2, 1, 1, 0, 0, 0, 1, 1, 0, 1, 0, 1, 3, 0, 1, 1, 1, 0, 1, 1]"
38,7,24,23,0,3.688721875540867,0.043478260869565216,"[0, 0, 0, 1, 1, 3, 1, 0, 0, 3, 1, 0, 2, 0, 0, 2, 0, 0, 0, 0, 2, 2, 0, 2, 0, 1, 1, 2, 0]"
38,8,17,16,0,3.3371753411230767,0.051470588235294115,"[0, 1, 0, 0, 0, 1, 1, 0, 2, 0, 0, 3, 0, 0, 0, 0, 2, 1, 0, 0, 2, 2, 1, 0, 0, 0, 0, 0, 1]"
38,9,22,21,0,3.2433003685389576,0.07792207792207792,"[0, 2, 0, 0, 1, 0, 0, 0, 1, 0, 0, 1, 0, 1, 0, 0, 0, 0, 0, 3, 0, 0, 4, 1, 2, 4, 2, 0, 0]"
38,10,20,19,0,3.684183719779189,0.03684210526315789,"[1, 2, 0, 1, 0, 0, 1, 0, 2, 0, 0, 0, 0, 0, 1, 0, 1, 1, 1, 0, 1, 0, 0, 1, 2, 0, 0, 2, 3]"
39,0,23,22,0,3.8492239123906247,0.03557312252964427,"[0, 3, 2, 1, 0, 0, 0, 1, 1, 3, 1, 0, 0, 0, 1, 2, 0, 2, 0, 1, 1, 1, 1, 0, 1, 0, 0, 0, 1]"
39,1,22,21,0,4.004886164091843,0.021645021645021644,"[1, 0, 0, 0, 0, 1, 2, 0, 1, 1, 0, 0, 2, 1, 0, 1, 0, 0, 0, 1, 1, 2, 0, 1, 1, 2, 2, 1, 1]"
39,2,24,23,0,4.168295834054489,0.018115942028985508,"[1, 0, 2, 1, 2, 1, 2, 0, 0, 0, 2, 0, 1, 1, 0, 1, 0, 1, 0, 0, 1, 0, 1, 1, 1, 1, 1, 2, 1]"
39,3,22,21,0,3.2655833228877333,0.0735930735930736,"[0, 1, 0, 0, 1, 0, 4, 1, 0, 0, 0, 0, 0, 2, 0, 0, 3, 3, 0, 3, 0, 1, 1, 0, 0, 0, 2, 0, 0]"
39,4,23,22,0,3.6211755429194707,0.05138339920948617,"[0, 0, 1, 0, 1, 1, 4, 2, 1, 2, 0, 0, 3, 2, 0, 0, 1, 2, 1, 0, 1, 0, 1, 0, 0, 0, 0, 0, 0]"
39,5,5,4,0,2.321928094887362,0.0,"[0, 0, 0, 0, 0, 0, 0, 1, 1, 0, 0, 0, 0, 0, 0, 1, 0, 0, 0, 1, 0, 0, 1, 0, 0, 0, 0, 0, 0]"
39,6,19,18,0,3.5766176449086657,0.04093567251461988,"[0, 0, 0, 0, 0, 2, 1, 3, 0, 0, 1, 0, 0, 1, 0, 2, 1, 1, 0, 1, 0, 0, 1, 2, 1, 0, 0, 2, 0]"
39,7,18,17,0,3.6835423624332306,0.032679738562091505,"[1, 1, 2, 0, 0, 0, 0, 0, 2, 0, 0, 0, 1, 0, 1, 1, 0, 1, 0, 0, 3, 0, 1, 1, 1, 1, 1, 0, 0]"
39,8,18,17,0,3.8365916681089787,0.0196078431372549,"[0, 1, 2, 1, 0, 1, 0, 0, 0, 1, 1, 1, 0, 0, 1, 1, 2, 0, 1, 0, 0, 2, 0, 1, 1, 1, 0, 0, 0]"
39,9,26,25,1,3.7671834678914613,0.043076923076923075,"[0, 1, 1, 0, 1, 2, 0, 2, 0, 3, 3, 0, 0, 3, 0, 2, 2, 2, 0, 0, 1, 1, 0, 0, 0, 0, 1, 1, 0]"
39,10,23,22,0,3.8279097821439696,0.03162055335968379,"[1, 2, 1, 1, 0, 2, 0, 2, 0, 2, 2, 0, 0, 0, 0, 0, 1, 1, 0, 0, 2, 0, 1, 0, 2, 0, 0, 1, 2]"
39,11,17,16,0,3.572469458770135,0.03676470588235294,"[0, 0, 2, 0, 0, 0, 0, 1, 0, 1, 0, 3, 0, 1, 0, 1, 0, 1, 1, 1, 0, 0, 1, 0, 1, 0, 0, 1, 2]"
40,0,19,18,0,4.037401197654112,0.011695906432748537,"[1, 0, 0, 1, 0, 0, 1, 0, 2, 1, 0, 0, 1, 1, 1, 0, 1, 0, 1, 1, 0, 1, 0, 1, 1, 1, 2, 0, 1]"
40,1,18,17,0,3.8365916681089787,0.0196078431372549,"[1, 0, 1, 0, 1, 2, 1, 0, 0, 1, 1, 0, 0, 0, 0, 0, 2, 0, 1, 1, 1, 0, 1, 1, 1, 0, 0, 0, 2]"
40,2,21,20,0,3.594465636961452,0.05238095238095238,"[1, 2, 1, 0, 0, 0, 1, 1, 0, 0, 1, 1, 0, 1, 1, 2, 0, 4, 1, 0, 0, 0, 3, 0, 0, 1, 0, 0, 0]"
40,3,20,19,0,3.8219280948873626,0.02631578947368421,"[0, 2, 0, 0, 2, 0, 0, 0, 0, 0, 2, 1, 0, 1, 1, 1, 0, 0, 1, 2, 1, 1, 1, 0, 0, 1, 1, 0, 2]"
40,4,21,20,0,4.011365041826379,0.01904761904761905,"[0, 0, 0, 2, 1, 0, 0, 1, 0, 2, 1, 1, 0, 1, 1, 2, 1, 0, 2, 0, 1, 1, 0, 1, 0, 0, 1, 1, 1]"
40,5,23,22,0,3.9148663038831,0.02766798418972332,"[0, 1, 0, 0, 0, 1, 0, 0, 0, 1, 1, 2, 1, 0, 0, 1, 2, 2, 2, 0, 1, 2, 1, 1, 2, 0, 2, 0, 0]"
40,6,23,22,0,3.6381476962048267,0.05928853754940711,"[0, 1, 1, 1, 0, 2, 1, 0, 1, 0, 1, 1, 0, 0, 3, 0, 0, 0, 1, 1, 5, 0, 0, 1, 0, 2, 1, 0, 0]"
40,7,24,23,0,3.7516291673878226,0.043478260869565216,"[1, 2, 0, 4, 1, 0, 0, 0, 2, 2, 1, 0, 2, 0, 0, 0, 0, 0, 1, 0, 2, 0, 2, 0, 1, 1, 1, 1, 0]"
40,8,20,19,0,3.8219280948873626,0.02631578947368421,"[2, 0, 0, 2, 1, 0, 1, 0, 0, 1, 0, 1, 1, 1, 0, 1, 2, 1, 0, 2, 0, 0, 0, 1, 0, 0, 0, 1, 2]"
40,9,23,22,0,3.8820451081368623,0.03162055335968379,"[1, 2, 1, 2, 0, 3, 2, 1, 0, 0, 0, 0, 0, 1, 0, 1, 1, 0, 0, 0, 2, 1, 2, 1, 0, 1, 0, 1, 0]"
40,10,19,18,0,3.5368867237421675,0.04678362573099415,"[3, 0, 0, 0, 0, 1, 1, 0, 0, 1, 0, 0, 0, 1, 3, 1, 2, 1, 0, 0, 0, 0, 1, 1, 0, 0, 0, 2, 1]"
41,0,22,21,0,3.970573095811685,0.025974025974025976,"[0, 0, 0, 1, 1, 1, 1, 0, 0, 1, 1, 1, 0, 0, 0, 2, 1, 1, 0, 1, 1, 1, 0, 3, 2, 0, 2, 0, 1]"
41,1,22,21,0,4.186704345910025,0.012987012987012988,"[1, 1, 0, 0, 0, 1, 1, 1, 1, 0, 1, 2, 1, 2, 1, 0, 1, 0, 0, 1, 0, 1, 1, 1, 2, 1, 0, 0, 1]"
41,2,26,25,1,3.979097891134805,0.03076923076923077,"[2, 0, 1, 1, 0, 0, 1, 1, 2, 1, 2, 0, 2, 0, 0, 2, 0, 3, 0, 0, 0, 1, 1, 0, 2, 1, 1, 2, 0]"
41,3,24,23,0,3.8868421881310113,0.03985507246376811,"[1, 1, 1, 3, 0, 1, 0, 1, 0, 0, 2, 0, 1, 1, 1, 2, 1, 1, 0, 0, 0, 0, 4, 1, 1, 0, 1, 0, 0]"
41,4,21,20,0,3.8208888513501886,0.02857142857142857,"[2, 0, 1, 1, 0, 0, 0, 1, 1, 0, 0, 0, 1, 0, 1, 0, 2, 0, 0, 1, 2, 2, 0, 1, 1, 0, 2, 0, 2]"
41,5,23,22,0,3.9148663038831,0.02766798418972332,"[0, 0, 1, 2, 2, 2, 0, 1, 0, 1, 0, 1, 0, 0, 0, 1, 1, 2, 1, 1, 2, 0, 0, 0, 2, 0, 1, 0, 2]"
41,6,21,20,0,3.880179922675738,0.02857142857142857,"[0, 0, 0, 2, 0, 0, 0, 0, 1, 0, 0, 1, 1, 2, 1, 1, 0, 1, 3, 0, 1, 1, 0, 0, 1, 2, 1, 1, 1]"
41,7,22,21,0,4.0614821867207755,0.021645021645021644,"[1, 1, 0, 1, 1, 1, 1, 1, 1, 2, 0, 0, 1, 2, 1, 0, 1, 0, 1, 3, 0, 0, 1, 0, 0, 0, 1, 1, 0]"
41,8,24,23,0,4.053508854797678,0.025362318840579712,"[2, 1, 0, 0, 3, 1, 0, 0, 1, 0, 1, 1, 1, 2, 0, 1, 1, 1, 2, 1, 2, 0, 1, 0, 0, 1, 1, 0, 0]"
41,9,21,20,0,3.880179922675738,0.02857142857142857,"[0, 1, 1, 1, 1, 1, 0, 0, 0, 0, 1, 1, 2, 0, 2, 1, 0, 0, 1, 0, 1, 2, 0, 0, 1, 0, 3, 1, 0]"
41,10,23,22,0,4.001822825622231,0.023715415019762844,"[2, 0, 1, 1, 0, 1, 1, 0, 1, 1, 2, 2, 0, 1, 0, 1, 0, 2, 1, 1, 0, 0, 1, 0, 0, 2, 0, 0, 2]"
41,11,24,23,1,3.8553885422075336,0.036231884057971016,"[0, 0, 1, 0, 2, 1, 1, 1, 0, 1, 2, 3, 0, 1, 2, 0, 1, 0, 1, 0, 1, 0, 3, 1, 2, 0, 0, 0, 0]"
42,0,24,23,1,4.053508854797678,0.025362318840579712,"[2, 1, 3, 0, 1, 0, 0, 2, 0, 1, 1, 2, 0, 1, 2, 0, 0, 1, 1, 1, 0, 1, 0, 1, 1, 1, 1, 0, 0]"
42,1,24,23,0,3.720175521464345,0.04710144927536232,"[0, 2, 0, 0, 2, 0, 0, 1, 0, 3, 0, 1, 1, 2, 0, 1, 1, 1, 0, 0, 4, 1, 0, 0, 2, 1, 1, 0, 0]"
42,2,22,21,0,3.788754913993503,0.03463203463203463,"[2, 1, 1, 0, 0, 2, 1, 1, 0, 0, 1, 1, 0, 2, 1, 0, 2, 0, 0, 2, 3, 0, 0, 1, 0, 1, 0, 0, 0]"
42,3,24,23,0,4.017894147619622,0.03985507246376811,"[0, 1, 1, 1, 5, 1, 0, 1, 0, 1, 0, 1, 2, 1, 1, 0, 1, 0, 0, 1, 1, 1, 1, 0, 1, 1, 0, 1, 0]"
42,4,22,21,0,3.970573095811685,0.025974025974025976,"[1, 1, 1, 1, 2, 0, 0, 0, 1, 1, 0, 1, 1, 0, 0, 0, 0, 1, 2, 0, 0, 0, 1, 2, 1, 1, 1, 3, 0]"
42,5,20,19,0,3.7219280948873625,0.031578947368421054,"[1, 0, 1, 1, 0, 0, 0, 0, 2, 2, 2, 0, 1, 0, 1, 0, 1, 0, 0, 0, 0, 2, 0, 0, 0, 1, 2, 1, 2]"
42,6,24,23,0,4.053508854797678,0.025362318840579712,"[1, 0, 1, 0, 1, 0, 2, 1, 3, 0, 2, 1, 1, 0, 1, 0, 1, 2, 0, 0, 0, 1, 0, 2, 1, 1, 1, 1, 0]"
42,7,22,21,0,3.970573095811685,0.025974025974025976,"[1, 1, 1, 2, 1, 0, 0, 2, 0, 1, 0, 0, 1, 1, 1, 1, 1, 1, 2, 0, 0, 0, 1, 0, 0, 0, 0, 3, 1]"
42,8,23,22,0,3.795088586397732,0.03557312252964427,"[1, 0, 0, 0, 2, 0, 2, 1, 1, 1, 0, 3, 0, 2, 0, 1, 0, 1, 1, 0, 0, 2, 0, 2, 2, 0, 0, 1, 0]"
42,9,24,23,0,4.001629167387823,0.025362318840579712,"[2, 1, 1, 1, 0, 0, 0, 0, 2, 1, 2, 2, 0, 1, 2, 1, 1, 1, 0, 0, 0, 0, 1, 0, 1, 0, 2, 2, 0]"
42,10,20,19,0,3.521928094887363,0.05263157894736842,"[1, 1, 2, 2, 0, 0, 0, 0, 1, 0, 0, 0, 1, 0, 1, 1, 0, 1, 0, 2, 2, 1, 0, 0, 0, 0, 0, 0, 4]"
42,11,23,22,0,3.708132064658601,0.04743083003952569,"[2, 2, 0, 0, 0, 0, 0, 1, 0, 4, 0, 0, 1, 0, 1, 2, 0, 1, 1, 1, 0, 1, 0, 1, 0, 3, 0, 1, 1]"
43,0,23,22,0,4.2626923908396215,0.011857707509881422,"[0, 1, 0, 1, 0, 1, 2, 1, 1, 1, 2, 1, 0, 1, 0, 1, 1, 0, 1, 1, 1, 0, 1, 0, 1, 1, 1, 2, 0]"
43,1,24,23,0,3.4906015629507223,0.07608695652173914,"[6, 1, 1, 0, 1, 0, 0, 2, 1, 2, 0, 3, 0, 0, 1, 2, 1, 0, 0, 0, 0, 0, 0, 1, 0, 1, 0, 1, 0]"
43,2,23,22,0,3.653996738665709,0.04743083003952569,"[0, 2, 1, 4, 0, 0, 0, 1, 0, 0, 1, 2, 2, 2, 0, 0, 0, 1, 1, 0, 0, 0, 2, 2, 0, 1, 0, 1, 0]"
43,3,22,21,0,3.788754913993503,0.03463203463203463,"[1, 0, 0, 0, 2, 0, 2, 0, 1, 0, 0, 1, 2, 0, 0, 1, 1, 1, 0, 0, 0, 0, 3, 1, 0, 2, 1, 1, 2]"
43,4,22,21,0,4.004886164091843,0.021645021645021644,"[2, 0, 0, 0, 1, 1, 0, 0, 0, 2, 1, 0, 1, 0, 1, 1, 0, 1, 1, 0, 0, 1, 0, 1, 2, 1, 1, 2, 2]"
43,5,25,24,0,4.023465189601647,0.03,"[1, 0, 0, 3, 1, 1, 0, 0, 1, 0, 1, 0, 1, 1, 2, 1, 1, 2, 0, 1, 1, 1, 0, 0, 2, 3, 0, 0, 1]"
43,6,20,19,1,3.308694969562842,0.06315789473684211,"[0, 0, 0, 0, 2, 0, 0, 0, 1, 3, 0, 0, 3, 0, 0, 0, 0, 0, 2, 3, 0, 0, 0, 1, 0, 2, 1, 1, 1]"
43,7,23,22,0,3.6753108689123635,0.043478260869565216,"[2, 0, 0, 1, 0, 0, 0, 1, 1, 3, 0, 2, 0, 0, 1, 2, 2, 3, 2, 0, 0, 0, 1, 0, 1, 0, 0, 0, 1]"
43,8,23,22,1,3.5670402169265785,0.05928853754940711,"[0, 0, 0, 4, 0, 1, 0, 1, 2, 1, 1, 0, 0, 0, 0, 1, 1, 2, 2, 0, 0, 0, 4, 0, 0, 1, 1, 1, 0]"
43,9,25,24,0,3.9132696895151087,0.03666666666666667,"[1, 1, 0, 1, 0, 1, 1, 0, 1, 1, 2, 1, 0, 2, 0, 0, 1, 1, 1, 0, 3, 0, 3, 0, 0, 3, 1, 0, 0]"
43,10,22,21,0,3.8796640049025943,0.030303030303030304,"[3, 2, 0, 1, 0, 2, 1, 0, 1, 0, 1, 0, 1, 0, 0, 1, 0, 0, 1, 2, 0, 2, 1, 0, 0, 1, 1, 1, 0]"
43,11,22,21,0,3.970573095811685,0.025974025974025976,"[1, 0, 0, 1, 0, 0, 1, 0, 0, 0, 2, 1, 1, 0, 2, 0, 2, 0, 0, 1, 1, 3, 1, 1, 1, 1, 1, 1, 0]"
44,0,23,22,0,3.936180434129755,0.03162055335968379,"[0, 1, 3, 1, 0, 0, 1, 0, 1, 1, 1, 0, 1, 0, 0, 1, 0, 0, 2, 0, 1, 1, 2, 0, 1, 0, 3, 1, 1]"
44,1,21,20,0,3.7849418274376427,0.03333333333333333,"[3, 0, 0, 0, 0, 1, 0, 0, 2, 1, 1, 1, 0, 0, 1, 0, 2, 0, 0, 0, 1, 1, 1, 1, 0, 0, 1, 2, 2]"
44,2,25,24,1,3.943465189601647,0.03333333333333333,"[2, 0, 1, 1, 1, 0, 0, 0, 2, 0, 3, 1, 3, 0, 1, 1, 1, 2, 0, 0, 2, 1, 0, 0, 1, 0, 1, 1, 0]"
44,3,24,23,1,4.001629167387823,0.025362318840579712,"[0, 0, 1, 0, 0, 0, 0, 1, 2, 1, 1, 0, 0, 1, 1, 1, 1, 0, 2, 1, 2, 0, 2, 2, 2, 2, 1, 0, 0]"
44,4,23,22,0,3.8279097821439696,0.039525691699604744,"[1, 1, 1, 0, 2, 0, 0, 1, 0, 0, 1, 1, 0, 1, 0, 1, 2, 0, 2, 0, 0, 0, 1, 0, 2, 4, 0, 1, 1]"
44,5,22,21,0,4.004886164091843,0.021645021645021644,"[1, 0, 0, 1, 0, 1, 1, 0, 2, 2, 0, 1, 0, 1, 0, 0, 0, 1, 2, 1, 0, 1, 0, 2, 1, 1, 2, 1, 0]"
44,6,24,23,1,3.6368421881310113,0.050724637681159424,"[2, 0, 0, 1, 0, 1, 1, 0, 0, 0, 1, 3, 1, 2, 0, 0, 0, 2, 1, 0, 0, 0, 4, 1, 2, 0, 2, 0, 0]"
44,7,23,22,0,4.229871195093384,0.015810276679841896,"[1, 1, 1, 0, 1, 0, 1, 1, 1, 0, 1, 1, 1, 0, 0, 1, 1, 2, 1, 0, 1, 0, 1, 1, 0, 3, 1, 1, 0]"
44,8,22,21,0,4.186704345910025,0.012987012987012988,"[1, 1, 0, 0, 1, 1, 1, 0, 1, 0, 0, 2, 0, 1, 0, 1, 1, 1, 0, 1, 2, 1, 1, 0, 1, 0, 1, 2, 1]"
44,9,23,22,0,3.6753108689123635,0.043478260869565216,"[0, 0, 1, 1, 1, 2, 2, 0, 0, 0, 2, 3, 0, 1, 2, 0, 3, 0, 1, 0, 0, 1, 2, 0, 0, 0, 0, 1, 0]"
44,10,22,21,0,4.0614821867207755,0.021645021645021644,"[1, 2, 0, 1, 1, 1, 0, 0, 1, 0, 0, 0, 1, 0, 1, 1, 0, 1, 1, 2, 1, 1, 1, 0, 3, 0, 1, 1, 0]"
44,11,21,20,1,3.880179922675738,0.02857142857142857,"[0, 0, 0, 0, 1, 0, 1, 0, 1, 1, 0, 1, 0, 0, 3, 2, 1, 0, 1, 2, 0, 1, 0, 1, 1, 2, 1, 0, 1]"
45,0,22,21,0,4.0614821867207755,0.021645021645021644,"[1, 2, 3, 1, 1, 1, 1, 0, 1, 1, 1, 1, 1, 0, 0, 1, 1, 0, 0, 0, 1, 1, 2, 0, 0, 0, 0, 0, 1]"
45,1,22,21,0,3.8796640049025943,0.030303030303030304,"[1, 2, 0, 1, 0, 0, 0, 0, 0, 0, 1, 0, 1, 0, 0, 2, 0, 1, 1, 1, 1, 2, 1, 2, 3, 0, 0, 1, 1]"
45,2,23,22,0,4.2626923908396215,0.011857707509881422,"[0, 0, 0, 1, 1, 1, 0, 1, 2, 1, 0, 2, 1, 1, 0, 2, 1, 1, 1, 1, 1, 1, 1, 1, 0, 1, 0, 1, 0]"
45,3,23,22,0,3.8820451081368623,0.03162055335968379,"[0, 1, 1, 2, 2, 1, 0, 0, 1, 0, 1, 2, 1, 0, 2, 0, 1, 1, 0, 1, 0, 0, 3, 0, 2, 1, 0, 0, 0]"
45,4,23,22,0,4.001822825622231,0.023715415019762844,"[1, 2, 1, 1, 1, 1, 0, 1, 0, 1, 2, 0, 0, 1, 1, 0, 2, 2, 0, 2, 0, 0, 0, 0, 2, 0, 1, 1, 0]"
45,5,23,22,0,4.001822825622231,0.03162055335968379,"[0, 0, 1, 1, 0, 1, 1, 2, 0, 1, 1, 1, 1, 1, 1, 1, 2, 0, 0, 1, 4, 0, 0, 1, 1, 0, 0, 0, 1]"
45,6,22,21,1,4.004886164091843,0.021645021645021644,"[1, 0, 0, 1, 0, 2, 2, 2, 0, 0, 0, 0, 1, 0, 1, 1, 1, 1, 2, 1, 1, 0, 0, 1, 1, 0, 2, 1, 0]"
45,7,22,21,0,3.913977073182752,0.025974025974025976,"[2, 1, 0, 1, 0, 0, 0, 0, 0, 2, 1, 1, 1, 0, 0, 0, 2, 1, 0, 1, 0, 1, 2, 1, 0, 2, 2, 0, 1]"
45,8,21,20,0,3.8208888513501886,0.02857142857142857,"[0, 0, 0, 2, 1, 0, 0, 2, 0, 0, 0, 1, 0, 2, 1, 0, 1, 0, 0, 1, 1, 1, 1, 1, 2, 0, 0, 2, 2]"
45,9,22,21,0,3.913977073182752,0.025974025974025976,"[0, 1, 0, 1, 2, 2, 1, 2, 1, 2, 0, 2, 1, 0, 1, 0, 1, 0, 0, 1, 0, 0, 2, 0, 0, 1, 0, 0, 1]"
45,10,24,23,1,3.8868421881310113,0.03260869565217391,"[1, 0, 0, 2, 0, 1, 1, 2, 1, 2, 1, 2, 0, 0, 0, 2, 0, 0, 1, 0, 1, 0, 0, 0, 2, 0, 3, 1, 1]"
45,11,23,22,0,4.1757358691004915,0.015810276679841896,"[1, 2, 1, 0, 0, 1, 1, 1, 2, 1, 2, 1, 1, 0, 1, 0, 0, 1, 1, 0, 0, 1, 1, 2, 0, 1, 1, 0, 0]"
46,0,22,21,0,3.823067982273661,0.030303030303030304,"[1, 1, 0, 0, 0, 0, 0, 1, 1, 0, 2, 2, 0, 2, 2, 1, 1, 0, 0, 2, 0, 1, 0, 2, 0, 2, 0, 1, 0]"
46,1,21,20,0,3.4992275417233567,0.047619047619047616,"[1, 0, 0, 1, 0, 0, 2, 0, 0, 1, 0, 0, 2, 0, 2, 0, 0, 0, 2, 0, 3, 2, 0, 2, 0, 1, 2, 0, 0]"
46,2,22,21,0,3.913977073182752,0.025974025974025976,"[0, 0, 1, 1, 0, 1, 2, 1, 0, 0, 1, 0, 0, 1, 0, 1, 2, 2, 1, 1, 0, 2, 0, 0, 2, 0, 1, 2, 0]"
46,3,21,20,0,3.880179922675738,0.02857142857142857,"[0, 1, 2, 0, 0, 1, 0, 1, 0, 0, 0, 1, 1, 0, 3, 0, 2, 1, 1, 0, 0, 1, 1, 1, 2, 0, 1, 0, 1]"
46,4,25,24,0,4.053660689688186,0.02666666666666667,"[1, 0, 2, 2, 2, 1, 0, 0, 0, 1, 2, 1, 0, 0, 0, 0, 0, 1, 2, 1, 1, 0, 1, 1, 3, 1, 0, 1, 1]"
46,5,21,20,0,3.7849418274376427,0.03333333333333333,"[1, 1, 1, 0, 0, 2, 0, 0, 1, 1, 0, 0, 2, 1, 1, 2, 2, 0, 3, 0, 0, 0, 0, 1, 0, 0, 1, 0, 1]"
46,6,21,20,0,4.011365041826379,0.01904761904761905,"[0, 2, 1, 1, 1, 0, 1, 0, 1, 1, 1, 0, 1, 1, 2, 0, 2, 1, 0, 0, 0, 0, 0, 0, 0, 1, 1, 1, 2]"
46,7,24,23,0,4.053508854797678,0.025362318840579712,"[1, 0, 2, 2, 1, 0, 1, 0, 0, 0, 0, 0, 1, 1, 1, 1, 1, 1, 1, 0, 1, 2, 2, 1, 3, 1, 0, 0, 0]"
46,8,23,22,0,3.9690016298759927,0.02766798418972332,"[1, 0, 3, 1, 0, 0, 0, 2, 0, 2, 1, 0, 0, 1, 1, 0, 0, 1, 2, 1, 1, 0, 1, 0, 0, 1, 1, 2, 1]"
46,9,23,22,0,3.8820451081368623,0.03162055335968379,"[1, 1, 2, 1, 1, 1, 0, 0, 1, 0, 2, 1, 0, 3, 1, 0, 1, 2, 2, 0, 0, 0, 2, 1, 0, 0, 0, 0, 0]"
46,10,24,23,0,4.053508854797678,0.025362318840579712,"[1, 2, 1, 0, 0, 1, 0, 1, 0, 2, 1, 3, 0, 1, 0, 1, 0, 1, 0, 0, 1, 2, 0, 1, 1, 2, 1, 1, 0]"
46,11,23,22,0,4.088779347361361,0.019762845849802372,"[1, 0, 1, 1, 0, 2, 0, 2, 0, 1, 0, 1, 2, 0, 1, 0, 0, 1, 0, 2, 2, 1, 0, 0, 1, 1, 1, 1, 1]"
47,0,23,22,0,3.708132064658601,0.04743083003952569,"[1, 1, 4, 0, 0, 1, 0, 1, 0, 0, 3, 0, 1, 0, 2, 2, 0, 1, 0, 1, 1, 0, 0, 1, 0, 1, 0, 0, 2]"
47,1,25,24,0,3.8332696895151086,0.04,"[0, 1, 1, 1, 3, 0, 0, 3, 0, 1, 1, 0, 1, 1, 0, 2, 1, 2, 1, 0, 1, 0, 0, 0, 0, 2, 0, 3, 0]"
47,2,23,22,0,3.9148663038831,0.02766798418972332,"[2, 0, 1, 1, 0, 0, 1, 2, 0, 1, 1, 2, 0, 0, 0, 0, 1, 0, 2, 0, 0, 0, 2, 1, 0, 2, 1, 2, 1]"
47,3,23,22,0,3.936180434129755,0.03162055335968379,"[0, 0, 1, 3, 0, 0, 3, 1, 0, 2, 0, 0, 1, 1, 0, 2, 1, 0, 1, 0, 1, 1, 0, 1, 1, 1, 1, 0, 1]"
47,4,25,24,1,3.893660689688186,0.03333333333333333,"[2, 0, 0, 0, 0, 0, 2, 1, 0, 1, 2, 1, 0, 2, 0, 1, 1, 3, 2, 1, 1, 0, 0, 0, 2, 2, 1, 0, 0]"
47,5,21,20,0,4.011365041826379,0.01904761904761905,"[2, 1, 0, 0, 1, 1, 0, 0, 1, 1, 0, 0, 0, 2, 0, 1, 1, 1, 2, 0, 1, 0, 0, 2, 0, 1, 1, 1, 1]"
47,6,24,23,1,3.823934896284056,0.03985507246376811,"[0, 1, 0, 0, 3, 0, 0, 3, 3, 1, 1, 0, 0, 1, 0, 1, 0, 1, 0, 1, 1, 2, 1, 0, 1, 0, 1, 2, 0]"
47,7,23,22,0,3.936180434129755,0.03162055335968379,"[0, 0, 1, 1, 0, 2, 0, 0, 1, 0, 1, 0, 1, 1, 0, 3, 1, 1, 1, 0, 0, 2, 0, 1, 1, 3, 1, 1, 0]"
47,8,20,19,0,3.9219280948873627,0.021052631578947368,"[1, 1, 1, 0, 0, 0, 0, 1, 1, 0, 0, 0, 1, 0, 1, 0, 0, 2, 1, 1, 0, 2, 1, 1, 0, 1, 2, 0, 2]"
47,9,22,21,0,3.7544418457133455,0.03896103896103896,"[0, 1, 0, 3, 2, 0, 0, 0, 1, 0, 1, 2, 3, 1, 0, 1, 1, 0, 0, 0, 1, 2, 0, 0, 0, 1, 0, 1, 1]"
47,10,21,20,0,3.880179922675738,0.02857142857142857,"[0, 3, 1, 0, 1, 0, 1, 1, 1, 0, 0, 0, 0, 0, 1, 2, 0, 0, 1, 1, 1, 1, 1, 0, 0, 0, 2, 1, 2]"
47,11,24,23,0,3.970175521464345,0.028985507246376812,"[1, 0, 0, 3, 1, 1, 2, 0, 1, 1, 2, 2, 2, 0, 1, 0, 0, 0, 1, 1, 0, 0, 0, 0, 2, 1, 0, 1, 1]"
48,0,22,21,0,4.186704345910025,0.012987012987012988,"[1, 1, 1, 1, 2, 1, 1, 0, 1, 0, 2, 1, 0, 2, 0, 0, 1, 1, 1, 0, 1, 1, 0, 1, 1, 0, 0, 1, 0]"
48,1,24,23,0,4.084962500721156,0.021739130434782608,"[2, 0, 2, 0, 0, 1, 1, 0, 1, 2, 2, 0, 0, 2, 0, 1, 1, 1, 1, 0, 1, 1, 2, 0, 1, 0, 0, 1, 1]"
48,2,21,20,0,3.6897037321995474,0.0380952380952381,"[2, 0, 1, 1, 1, 0, 0, 0, 0, 0, 1, 0, 1, 1, 0, 0, 0, 1, 0, 2, 0, 3, 2, 0, 0, 1, 0, 2, 2]"
48,3,25,24,1,3.7034651896016473,0.05,"[1, 0, 2, 4, 1, 0, 0, 2, 0, 3, 1, 3, 0, 1, 0, 0, 1, 1, 0, 0, 0, 0, 2, 1, 1, 0, 0, 1, 0]"
48,4,20,19,0,3.784183719779189,0.031578947368421054,"[0, 0, 0, 0, 1, 1, 0, 0, 1, 0, 0, 1, 1, 1, 1, 0, 1, 0, 0, 2, 0, 2, 1, 1, 0, 1, 3, 2, 0]"
48,5,25,24,0,3.893660689688186,0.04,"[0, 2, 1, 2, 1, 1, 0, 1, 1, 0, 1, 1, 1, 1, 0, 1, 3, 0, 0, 0, 2, 1, 0, 0, 4, 1, 0, 0, 0]"
48,6,22,21,0,3.913977073182752,0.025974025974025976,"[1, 1, 2, 0, 0, 1, 1, 0, 0, 0, 1, 0, 0, 0, 0, 1, 0, 2, 1, 2, 2, 0, 2, 1, 1, 0, 2, 1, 0]"
48,7,20,19,0,3.8841837197791893,0.02631578947368421,"[0, 2, 0, 1, 1, 0, 0, 1, 1, 0, 1, 0, 1, 0, 1, 1, 0, 1, 0, 0, 0, 1, 1, 3, 0, 1, 1, 0, 2]"
48,8,24,23,0,3.8868421881310113,0.03260869565217391,"[1, 0, 2, 0, 0, 1, 0, 2, 1, 1, 1, 0, 2, 1, 0, 0, 0, 1, 1, 0, 2, 2, 1, 0, 2, 0, 0, 3, 0]"
48,9,21,20,0,3.7849418274376427,0.03333333333333333,"[1, 3, 0, 1, 1, 0, 1, 0, 0, 2, 1, 2, 0, 1, 1, 0, 0, 0, 0, 2, 0, 0, 1, 1, 1, 0, 0, 0, 2]"
48,10,23,22,0,3.6753108689123635,0.043478260869565216,"[3, 0, 0, 1, 1, 0, 0, 0, 0, 2, 0, 2, 1, 2, 0, 0, 1, 2, 1, 3, 0, 0, 1, 0, 0, 0, 1, 2, 0]"
48,11,24,23,0,4.053508854797678,0.025362318840579712,"[2, 1, 0, 1, 0, 1, 0, 0, 2, 1, 1, 0, 3, 0, 0, 1, 1, 0, 1, 0, 1, 1, 2, 1, 1, 2, 1, 0, 0]"
49,0,23,22,0,4.0559581516151235,0.023715415019762844,"[1, 0, 1, 0, 0, 1, 2, 0, 0, 0, 3, 1, 0, 0, 0, 1, 1, 1, 1, 2, 1, 1, 1, 0, 1, 1, 0, 2, 1]"
49,1,22,21,0,4.095795255000934,0.017316017316017316,"[1, 1, 1, 0, 0, 0, 1, 0, 1, 1, 1, 1, 0, 0, 1, 0, 2, 0, 2, 2, 0, 1, 0, 1, 2, 1, 1, 1, 0]"
49,2,21,20,0,4.011365041826379,0.01904761904761905,"[0, 1, 1, 0, 1, 0, 0, 2, 0, 1, 0, 1, 1, 2, 0, 0, 0, 1, 1, 0, 1, 0, 2, 1, 2, 0, 1, 1, 1]"
51,0,24,23,1,3.970175521464345,0.028985507246376812,"[1, 0, 1, 0, 1, 1, 0, 3, 1, 2, 0, 1, 1, 1, 1, 0, 0, 2, 0, 2, 1, 0, 0, 1, 0, 2, 0, 2, 0]"
51,1,21,20,0,3.6537567082870015,0.04285714285714286,"[0, 2, 0, 0, 0, 0, 0, 0, 0, 1, 1, 1, 0, 2, 0, 1, 1, 0, 1, 3, 0, 0, 1, 2, 3, 0, 0, 1, 1]"
51,2,23,22,0,3.588354347173233,0.04743083003952569,"[2, 0, 0, 1, 0, 0, 1, 0, 0, 0, 0, 2, 0, 1, 0, 2, 0, 0, 0, 0, 2, 3, 3, 2, 1, 1, 2, 0, 0]"
51,3,24,23,0,4.053508854797678,0.025362318840579712,"[1, 0, 0, 0, 1, 1, 1, 2, 0, 0, 0, 1, 2, 1, 0, 1, 1, 3, 1, 2, 2, 0, 0, 0, 1, 1, 1, 0, 1]"
52,0,23,22,0,3.9690016298759927,0.02766798418972332,"[1, 0, 0, 0, 2, 0, 0, 2, 0, 1, 0, 0, 2, 1, 2, 0, 1, 1, 0, 1, 0, 1, 3, 1, 1, 1, 1, 1, 0]"
52,1,22,21,0,3.823067982273661,0.030303030303030304,"[1, 0, 2, 0, 2, 0, 1, 0, 1, 0, 0, 1, 0, 2, 1, 0, 0, 0, 1, 0, 2, 0, 0, 1, 2, 2, 1, 0, 2]"
52,2,21,20,0,3.916126946588284,0.023809523809523808,"[0, 0, 1, 2, 0, 2, 1, 1, 1, 0, 0, 1, 0, 2, 0, 2, 1, 1, 0, 1, 0, 1, 0, 1, 0, 1, 0, 0, 2]"
52,3,22,21,0,3.629219686524097,0.047619047619047616,"[0, 1, 1, 0, 0, 3, 0, 0, 0, 1, 1, 0, 3, 3, 0, 1, 1, 0, 2, 0, 0, 2, 0, 0, 0, 1, 1, 1, 0]"
52,4,21,20,0,3.916126946588284,0.023809523809523808,"[2, 2, 1, 0, 1, 1, 1, 0, 1, 1, 0, 2, 0, 0, 1, 0, 1, 0, 0, 2, 0, 2, 1, 0, 0, 0, 1, 0, 1]"
52,5,24,23,0,3.970175521464345,0.028985507246376812,"[3, 0, 2, 2, 0, 0, 1, 1, 1, 0, 0, 0, 1, 1, 0, 2, 0, 1, 1, 2, 0, 1, 0, 1, 2, 1, 0, 0, 1]"
52,6,21,20,0,3.7849418274376427,0.03333333333333333,"[0, 0, 0, 1, 1, 2, 0, 1, 1, 0, 0, 0, 0, 0, 3, 2, 0, 0, 0, 1, 1, 2, 1, 0, 1, 1, 1, 0, 2]"
52,7,21,20,1,3.7489948035250964,0.0380952380952381,"[1, 0, 0, 1, 1, 1, 0, 0, 0, 0, 1, 0, 1, 0, 0, 0, 1, 3, 0, 0, 1, 2, 1, 0, 0, 1, 3, 1, 2]"
52,8,21,20,0,3.916126946588284,0.023809523809523808,"[1, 0, 2, 2, 0, 0, 2, 0, 0, 2, 0, 1, 0, 0, 1, 0, 1, 0, 1, 1, 1, 1, 1, 0, 0, 0, 2, 1, 1]"
52,9,22,21,0,4.004886164091843,0.021645021645021644,"[0, 0, 1, 0, 0, 0, 1, 0, 0, 2, 1, 1, 0, 0, 2, 2, 1, 1, 1, 0, 1, 0, 2, 0, 1, 1, 1, 2, 1]"
52,10,22,21,0,3.913977073182752,0.025974025974025976,"[0, 2, 2, 1, 1, 0, 2, 0, 1, 1, 2, 0, 0, 0, 0, 0, 0, 2, 1, 1, 1, 0, 1, 0, 0, 0, 1, 1, 2]"
52,11,23,22,0,4.1429146733542535,0.019762845849802372,"[1, 1, 0, 1, 2, 1, 2, 0, 3, 1, 1, 1, 1, 1, 0, 0, 1, 0, 0, 1, 0, 1, 1, 0, 0, 1, 1, 0, 1]"
53,0,22,21,0,3.970573095811685,0.025974025974025976,"[0, 2, 1, 1, 0, 0, 1, 1, 0, 2, 1, 0, 1, 1, 1, 0, 0, 0, 0, 1, 0, 0, 1, 2, 0, 3, 1, 1, 1]"
53,1,22,21,0,3.641249800455479,0.047619047619047616,"[0, 2, 1, 0, 2, 0, 2, 0, 1, 1, 0, 1, 0, 0, 0, 0, 0, 2, 4, 2, 0, 1, 1, 1, 0, 0, 1, 0, 0]"
53,2,20,19,0,4.021928094887363,0.015789473684210527,"[0, 2, 0, 1, 1, 1, 0, 0, 0, 0, 1, 2, 1, 1, 1, 1, 0, 0, 0, 1, 1, 0, 1, 0, 0, 1, 2, 1, 1]"
53,3,23,22,0,3.642489673166126,0.04743083003952569,"[3, 2, 1, 0, 1, 0, 1, 0, 0, 1, 1, 3, 2, 0, 0, 1, 0, 0, 2, 0, 0, 3, 0, 0, 1, 1, 0, 0, 0]"
53,4,23,22,0,4.088779347361361,0.019762845849802372,"[1, 1, 0, 2, 1, 1, 1, 0, 1, 1, 1, 0, 0, 0, 0, 2, 2, 0, 1, 1, 0, 0, 2, 1, 0, 1, 2, 0, 1]"
53,5,19,18,0,3.5368867237421675,0.04678362573099415,"[0, 1, 0, 1, 0, 0, 0, 1, 0, 0, 0, 1, 1, 0, 1, 0, 3, 1, 2, 2, 1, 0, 0, 3, 0, 1, 0, 0, 0]"
53,6,24,23,0,4.001629167387822,0.03260869565217391,"[0, 0, 2, 0, 1, 0, 1, 2, 1, 1, 1, 1, 4, 1, 1, 1, 0, 1, 0, 0, 1, 0, 0, 1, 1, 1, 0, 2, 0]"
53,7,22,21,0,4.004886164091843,0.021645021645021644,"[1, 0, 1, 2, 1, 2, 1, 0, 2, 0, 0, 2, 1, 1, 0, 0, 1, 0, 0, 1, 0, 1, 0, 2, 1, 0, 0, 1, 1]"
53,8,4,3,0,2.0,0.0,"[0, 1, 0, 0, 1, 0, 0, 0, 0, 1, 0, 0, 0, 1, 0, 0, 0, 0, 0, 0, 0, 0, 0, 0, 0, 0, 0, 0, 0]"
54,0,19,18,0,3.431623565847431,0.05263157894736842,"[0, 1, 1, 0, 0, 0, 0, 1, 0, 0, 1, 0, 0, 1, 1, 0, 1, 0, 0, 3, 0, 2, 0, 2, 3, 0, 0, 2, 0]"
54,1,21,20,1,3.916126946588284,0.023809523809523808,"[0, 0, 1, 2, 0, 1, 1, 2, 1, 0, 2, 0, 0, 1, 0, 1, 1, 0, 1, 1, 0, 2, 0, 0, 1, 2, 0, 1, 0]"
54,2,17,16,0,3.4548223999466057,0.04411764705882353,"[1, 1, 1, 1, 1, 2, 0, 0, 0, 1, 0, 2, 0, 0, 0, 0, 1, 0, 2, 0, 0, 0, 0, 0, 0, 0, 1, 0, 3]"
54,3,23,22,0,3.9690016298759927,0.02766798418972332,"[1, 3, 0, 2, 0, 1, 1, 1, 2, 0, 1, 2, 0, 0, 1, 0, 0, 2, 0, 0, 1, 1, 0, 1, 1, 0, 0, 1, 1]"
54,4,22,21,0,4.004886164091843,0.021645021645021644,"[0, 0, 1, 1, 1, 1, 1, 1, 0, 0, 1, 1, 1, 2, 2, 0, 0, 0, 0, 2, 1, 0, 0, 1, 1, 0, 2, 2, 0]"
54,5,22,21,0,3.6978458230844122,0.047619047619047616,"[0, 0, 0, 0, 1, 0, 1, 0, 0, 0, 1, 1, 0, 1, 0, 1, 2, 0, 0, 2, 0, 3, 4, 1, 1, 1, 1, 1, 0]"
54,6,21,20,0,4.106603137064474,0.014285714285714285,"[0, 2, 0, 1, 0, 1, 1, 1, 1, 1, 0, 2, 0, 1, 2, 1, 1, 1, 0, 0, 1, 0, 0, 1, 0, 1, 1, 0, 1]"
54,7,23,22,1,3.9690016298759927,0.02766798418972332,"[0, 1, 1, 1, 0, 0, 3, 0, 1, 2, 0, 0, 2, 1, 0, 0, 1, 2, 1, 1, 1, 0, 1, 0, 1, 0, 2, 0, 1]"
54,8,21,20,0,3.6897037321995474,0.0380952380952381,"[0, 0, 1, 0, 2, 1, 0, 0, 0, 0, 0, 0, 2, 2, 1, 0, 0, 0, 1, 1, 1, 1, 2, 2, 0, 0, 3, 1, 0]"
54,9,22,21,0,3.6978458230844122,0.03896103896103896,"[1, 0, 0, 2, 1, 1, 1, 2, 2, 0, 0, 0, 1, 0, 1, 2, 0, 1, 3, 0, 0, 0, 2, 2, 0, 0, 0, 0, 0]"
54,10,21,20,0,3.7849418274376427,0.03333333333333333,"[0, 0, 1, 1, 1, 1, 2, 0, 0, 0, 1, 1, 0, 0, 2, 0, 1, 0, 2, 3, 1, 0, 0, 0, 1, 0, 1, 0, 2]"
55,0,24,23,0,4.053508854797678,0.025362318840579712,"[1, 1, 1, 0, 1, 1, 1, 2, 0, 0, 1, 0, 1, 0, 1, 2, 0, 3, 0, 2, 0, 1, 0, 1, 1, 2, 0, 1, 0]"
55,1,22,21,0,3.913977073182752,0.025974025974025976,"[2, 1, 0, 0, 0, 2, 0, 0, 2, 0, 1, 0, 2, 2, 1, 1, 0, 1, 0, 2, 1, 1, 0, 1, 0, 0, 0, 1, 1]"
55,2,22,21,1,3.299896391167891,0.06926406926406926,"[0, 0, 3, 0, 0, 1, 2, 0, 0, 0, 2, 0, 2, 0, 1, 3, 0, 0, 4, 1, 0, 0, 1, 0, 0, 0, 0, 0, 2]"
55,3,8,7,0,3.0,0.0,"[0, 1, 0, 0, 0, 1, 0, 0, 0, 0, 1, 1, 0, 0, 1, 0, 0, 1, 1, 0, 0, 0, 0, 1, 0, 0, 0, 0, 0]"
