page,segment,start,n,pairs,equal,entropy_bits,ioc,frequencies
0,0,0,262,261,2,4.789204428837693,0.034307273843994034,"[14, 7, 12, 6, 7, 5, 12, 5, 10, 12, 8, 8, 9, 9, 12, 8, 8, 9, 8, 10, 7, 18, 8, 9, 6, 9, 13, 7, 6]"
1,1,262,266,265,1,4.776628085002084,0.03455809334657398,"[13, 6, 11, 9, 9, 15, 11, 9, 7, 8, 8, 8, 3, 11, 12, 12, 6, 4, 6, 5, 14, 7, 14, 8, 8, 11, 10, 9, 12]"
2,2,528,201,200,1,4.731428557480965,0.03562189054726368,"[7, 8, 7, 5, 6, 8, 6, 8, 13, 8, 8, 8, 5, 7, 4, 3, 9, 10, 10, 3, 9, 4, 3, 14, 5, 4, 2, 7, 10]"
3,3,729,217,216,3,4.793348723760966,0.03306878306878307,"[7, 3, 7, 6, 6, 10, 7, 5, 11, 10, 9, 6, 9, 6, 6, 9, 9, 8, 5, 9, 10, 6, 5, 8, 4, 6, 8, 9, 13]"
4,4,946,261,260,2,4.768229743373622,0.0349543177129384,"[7, 10, 10, 4, 11, 11, 16, 9, 4, 7, 8, 9, 10, 12, 16, 7, 6, 9, 7, 12, 12, 11, 10, 3, 6, 7, 6, 9, 12]"
5,5,1207,263,262,0,4.756444227471524,0.035526659507154675,"[8, 10, 6, 8, 8, 11, 7, 3, 9, 5, 10, 13, 15, 11, 10, 6, 8, 3, 9, 4, 8, 12, 11, 12, 9, 13, 18, 7, 9]"
6,6,1470,196,195,1,4.795973190339985,0.03233908948194662,"[3, 6, 3, 6, 9, 5, 9, 7, 7, 5, 7, 8, 6, 5, 9, 8, 9, 6, 4, 7, 9, 4, 7, 9, 10, 7, 7, 9, 5]"
7,7,1666,208,207,0,4.721414368601238,0.03595317725752508,"[1, 5, 8, 6, 2, 15, 4, 6, 7, 10, 9, 7, 9, 10, 8, 4, 5, 5, 7, 7, 11, 9, 7, 6, 6, 8, 3, 12, 11]"
8,8,1874,255,254,3,4.783926533501155,0.03427512737378416,"[8, 11, 8, 13, 10, 7, 5, 4, 7, 15, 6, 8, 7, 13, 13, 9, 8, 8, 7, 10, 14, 11, 11, 5, 7, 7, 9, 5, 9]"
9,9,2129,268,267,3,4.8054735310367755,0.03345631393593829,"[11, 6, 12, 8, 7, 7, 13, 10, 8, 8, 9, 9, 7, 11, 8, 11, 6, 6, 6, 12, 6, 9, 10, 11, 8, 10, 15, 15, 9]"
10,10,2397,263,262,1,4.806627403087558,0.03352393115258468,"[7, 12, 10, 9, 7, 8, 8, 7, 9, 12, 9, 5, 7, 8, 16, 11, 7, 9, 10, 10, 8, 8, 17, 10, 7, 8, 8, 8, 8]"
11,11,2660,273,272,1,4.770709901774957,0.03504093945270416,"[14, 16, 13, 8, 9, 16, 4, 10, 7, 11, 8, 5, 12, 5, 12, 6, 10, 10, 11, 6, 11, 9, 9, 7, 14, 8, 4, 10, 8]"
12,12,2933,261,260,1,4.792209864602611,0.03395225464190981,"[12, 10, 7, 6, 7, 11, 13, 11, 9, 12, 10, 6, 8, 9, 11, 6, 16, 9, 8, 5, 7, 8, 9, 4, 9, 6, 8, 10, 14]"
13,13,3194,272,271,0,4.802101379788087,0.03342739309746039,"[12, 10, 13, 13, 6, 7, 10, 10, 6, 5, 7, 9, 8, 4, 10, 9, 11, 10, 11, 12, 12, 8, 5, 10, 14, 9, 10, 11, 10]"
14,14,3466,137,136,0,4.720417967344438,0.033812795191069125,"[2, 4, 6, 4, 4, 7, 5, 3, 6, 6, 1, 2, 3, 5, 8, 9, 3, 3, 3, 2, 5, 5, 6, 4, 5, 4, 7, 9, 6]"
15,15,3603,159,158,0,4.692987295808737,0.0359843961468036,"[7, 13, 7, 5, 4, 4, 4, 1, 7, 6, 7, 2, 3, 7, 9, 3, 5, 7, 1, 3, 9, 7, 5, 5, 7, 3, 5, 8, 5]"
16,16,3762,267,266,1,4.798592553933409,0.03353890343837121,"[10, 8, 8, 11, 8, 13, 13, 5, 4, 6, 9, 12, 4, 11, 10, 9, 9, 11, 9, 7, 7, 9, 13, 10, 11, 9, 7, 14, 10]"
17,17,4029,273,272,0,4.796369073611696,0.033828916181857356,"[12, 7, 14, 7, 13, 8, 9, 6, 8, 13, 15, 10, 10, 9, 8, 5, 13, 8, 8, 9, 6, 10, 11, 4, 12, 12, 10, 9, 7]"
18,18,4302,260,259,1,4.7942990618068055,0.03400653400653401,"[10, 10, 6, 11, 9, 12, 7, 6, 6, 6, 8, 7, 10, 10, 8, 6, 9, 9, 10, 7, 8, 11, 14, 17, 6, 6, 7, 10, 14]"
19,19,4562,271,270,5,4.787008982092016,0.034385677190105234,"[12, 5, 6, 15, 9, 8, 9, 11, 10, 10, 9, 16, 7, 9, 6, 10, 8, 7, 5, 8, 8, 10, 9, 15, 12, 14, 5, 7, 11]"
20,20,4833,269,268,1,4.777604663004887,0.03409532264328913,"[7, 11, 11, 5, 11, 10, 11, 5, 6, 1, 12, 11, 11, 8, 12, 12, 6, 9, 7, 14, 14, 9, 10, 9, 10, 10, 8, 11, 8]"
21,21,5102,273,272,1,4.788305505806992,0.034340659340659344,"[8, 6, 12, 17, 5, 10, 12, 10, 7, 9, 11, 10, 4, 17, 7, 9, 7, 5, 8, 9, 8, 9, 11, 9, 10, 12, 10, 12, 9]"
22,22,5375,131,130,1,4.668738931491117,0.0358191426893717,"[6, 4, 11, 4, 5, 5, 6, 6, 4, 6, 2, 8, 3, 1, 3, 2, 3, 7, 6, 6, 4, 4, 2, 1, 7, 1, 3, 6, 5]"
23,23,5506,213,212,1,4.816267775897648,0.0318894499069891,"[7, 10, 10, 8, 9, 5, 9, 11, 6, 6, 6, 6, 5, 6, 4, 7, 7, 7, 7, 8, 4, 7, 7, 8, 8, 9, 8, 10, 8]"
24,24,5719,270,269,5,4.8041327434321195,0.033236954426545506,"[12, 14, 8, 10, 8, 9, 4, 12, 11, 10, 10, 5, 4, 10, 10, 13, 10, 9, 10, 7, 8, 10, 11, 5, 9, 11, 10, 11, 9]"
25,25,5989,273,272,3,4.810099544469995,0.03326330532212885,"[9, 10, 9, 12, 9, 10, 14, 7, 6, 12, 9, 8, 6, 8, 10, 13, 9, 10, 14, 8, 15, 8, 9, 6, 10, 8, 9, 5, 10]"
26,26,6262,265,264,2,4.793024514354458,0.03361921097770154,"[9, 10, 10, 10, 8, 6, 10, 3, 10, 11, 10, 8, 6, 10, 8, 10, 12, 11, 11, 9, 7, 12, 8, 6, 14, 3, 10, 9, 14]"
27,27,6527,234,233,5,4.779625711261616,0.03393125710722277,"[11, 8, 4, 10, 14, 8, 7, 5, 5, 10, 8, 5, 4, 10, 3, 7, 10, 12, 10, 11, 9, 7, 6, 7, 10, 8, 9, 6, 10]"
28,28,6761,269,268,0,4.79613226176764,0.033901126338567386,"[12, 6, 7, 9, 6, 7, 7, 11, 7, 11, 14, 15, 8, 11, 7, 8, 6, 12, 7, 11, 6, 11, 10, 13, 11, 6, 7, 9, 14]"
29,29,7030,277,276,4,4.799414141550852,0.03369434416365824,"[8, 8, 12, 8, 8, 10, 10, 9, 10, 7, 15, 14, 9, 7, 6, 9, 7, 10, 13, 10, 14, 10, 13, 13, 8, 10, 7, 9, 3]"
30,30,7307,263,262,2,4.782231708415307,0.03410443212492381,"[8, 9, 8, 12, 12, 6, 9, 8, 8, 4, 6, 2, 12, 8, 12, 8, 8, 8, 11, 6, 10, 8, 14, 7, 12, 11, 12, 10, 14]"
31,31,7570,269,268,0,4.814030217724328,0.032957887144204626,"[9, 5, 9, 8, 12, 7, 7, 9, 13, 6, 11, 12, 10, 12, 12, 8, 10, 13, 11, 8, 9, 8, 6, 13, 9, 8, 8, 10, 6]"
32,32,7839,121,120,2,4.703001028584522,0.03415977961432507,"[4, 6, 7, 4, 3, 1, 3, 10, 5, 3, 1, 3, 3, 2, 5, 5, 5, 8, 3, 4, 4, 5, 4, 4, 4, 3, 2, 7, 3]"
33,33,7960,214,213,2,4.797109480379583,0.03308323461015313,"[9, 8, 8, 7, 7, 4, 7, 15, 6, 6, 7, 10, 8, 4, 6, 8, 8, 7, 7, 8, 5, 5, 6, 11, 9, 5, 7, 10, 6]"
34,34,8174,261,260,3,4.799250580377796,0.03336280577659888,"[6, 11, 8, 8, 4, 10, 10, 11, 12, 11, 7, 8, 9, 12, 13, 11, 8, 7, 8, 10, 9, 9, 7, 13, 12, 8, 6, 3, 10]"
35,35,8435,271,270,3,4.771394126401252,0.03498701653683203,"[4, 9, 7, 7, 12, 13, 10, 5, 7, 4, 15, 9, 11, 6, 9, 9, 13, 5, 11, 7, 15, 8, 16, 7, 11, 11, 10, 12, 8]"
36,36,8706,238,237,3,4.74200935988575,0.03598907917597419,"[8, 12, 8, 11, 11, 3, 6, 4, 6, 12, 14, 9, 6, 9, 12, 5, 6, 6, 4, 7, 7, 7, 14, 7, 8, 13, 14, 5, 4]"
37,37,8944,228,227,0,4.793160338727167,0.033426076203725175,"[6, 7, 6, 6, 9, 10, 7, 11, 9, 7, 9, 8, 3, 6, 9, 9, 8, 8, 10, 8, 4, 10, 5, 8, 16, 7, 9, 6, 7]"
38,38,9172,228,227,0,4.757022209280666,0.03516500502357214,"[3, 11, 3, 6, 8, 12, 7, 5, 15, 8, 7, 7, 5, 4, 5, 7, 8, 6, 7, 10, 8, 11, 9, 7, 6, 15, 8, 10, 10]"
39,39,9400,240,239,1,4.741812367776387,0.03577405857740586,"[4, 9, 13, 4, 5, 10, 13, 13, 6, 13, 10, 4, 7, 11, 3, 12, 10, 14, 3, 8, 10, 7, 9, 6, 9, 5, 7, 8, 7]"
40,40,9640,231,230,0,4.791375632074092,0.03335215509128553,"[10, 10, 4, 12, 6, 9, 8, 3, 5, 9, 8, 7, 5, 7, 10, 9, 11, 8, 10, 7, 13, 6, 11, 8, 5, 7, 8, 6, 9]"
41,41,9871,273,272,2,4.810748987630528,0.03312863606981254,"[11, 5, 7, 13, 10, 10, 6, 7, 8, 7, 12, 12, 10, 11, 9, 11, 9, 11, 10, 9, 10, 8, 12, 7, 14, 7, 13, 5, 9]"
42,42,10144,272,271,1,4.790023386339417,0.03397004558280877,"[14, 11, 12, 8, 14, 3, 5, 10, 10, 15, 8, 12, 9, 10, 11, 7, 8, 10, 7, 7, 10, 10, 4, 9, 9, 10, 8, 13, 8]"
43,43,10416,274,273,3,4.753315047494694,0.035988342557685626,"[17, 7, 2, 16, 7, 7, 7, 6, 10, 13, 11, 11, 11, 6, 7, 10, 10, 11, 11, 8, 6, 7, 16, 7, 7, 17, 8, 11, 7]"
44,44,10690,273,272,4,4.78104642556052,0.03452919629390218,"[12, 6, 8, 6, 8, 7, 8, 3, 13, 6, 11, 14, 7, 7, 9, 9, 12, 9, 13, 7, 10, 8, 15, 8, 14, 12, 14, 11, 6]"
45,45,10963,270,269,2,4.810456712328329,0.03318188076552389,"[8, 11, 7, 14, 8, 11, 7, 13, 8, 11, 10, 13, 9, 5, 8, 9, 12, 8, 6, 10, 10, 7, 13, 9, 13, 6, 9, 7, 8]"
46,46,11233,270,269,1,4.800756905228797,0.03362247005369682,"[9, 8, 16, 10, 5, 9, 6, 8, 4, 9, 10, 9, 9, 11, 14, 6, 11, 11, 14, 7, 9, 11, 7, 10, 12, 10, 9, 9, 7]"
47,47,11503,274,273,2,4.798688065590508,0.0337424133044571,"[9, 9, 10, 12, 11, 5, 9, 13, 9, 8, 12, 7, 10, 9, 5, 15, 7, 11, 12, 6, 8, 10, 5, 7, 7, 15, 10, 12, 11]"
48,48,11777,271,270,1,4.7815502096827505,0.034303676370097035,"[14, 10, 11, 12, 9, 7, 4, 6, 8, 11, 12, 10, 10, 12, 3, 5, 9, 10, 6, 11, 9, 12, 15, 9, 12, 6, 8, 13, 7]"
49,49,12048,66,65,0,4.659786877157633,0.02843822843822844,"[2, 2, 3, 0, 1, 1, 3, 2, 1, 2, 4, 3, 1, 2, 1, 1, 3, 2, 4, 4, 2, 2, 3, 2, 5, 2, 2, 4, 2]"
51,50,12114,92,91,1,4.668198855119206,0.0327281414237936,"[4, 2, 1, 1, 2, 2, 2, 5, 1, 3, 1, 5, 3, 5, 1, 4, 2, 5, 2, 7, 5, 3, 4, 5, 5, 4, 3, 3, 2]"
52,51,12206,263,262,1,4.804318237875992,0.033320755812265984,"[10, 6, 12, 10, 10, 10, 11, 5, 9, 9, 6, 7, 8, 10, 10, 9, 8, 9, 7, 10, 7, 13, 11, 4, 7, 10, 13, 7, 15]"
53,52,12469,179,178,0,4.768108554690938,0.0335195530726257,"[5, 11, 6, 7, 8, 4, 7, 4, 5, 7, 5, 10, 10, 5, 4, 5, 6, 4, 9, 8, 3, 5, 5, 10, 3, 8, 6, 5, 4]"
54,53,12648,232,231,2,4.795047618047551,0.033139274518584866,"[3, 8, 7, 11, 7, 9, 11, 8, 7, 4, 7, 9, 6, 9, 10, 5, 8, 6, 10, 13, 6, 9, 9, 10, 9, 4, 11, 8, 8]"
55,54,12880,76,75,1,4.446058363946675,0.037894736842105266,"[3, 3, 4, 0, 1, 5, 3, 2, 2, 0, 5, 1, 5, 2, 4, 6, 0, 5, 5, 5, 1, 2, 1, 3, 1, 2, 0, 2, 3]"
