left_global,right_global,left_page,right_page,left_page_rune,right_page_rune,left_line,right_line,left_source_char,right_source_char,rune_index,category,raw_gap,equal
121,122,0,0,121,122,5,5,157,159,2,within_line_separator,-,True
206,207,0,0,206,207,9,9,270,271,14,literal_adjacent_runes,,True
455,456,1,1,193,194,8,8,598,599,28,literal_adjacent_runes,,True
652,653,2,2,124,125,5,5,858,860,11,within_line_separator,-,True
781,782,3,3,52,53,2,2,1028,1029,20,literal_adjacent_runes,,True
908,909,3,3,179,180,9,9,1198,1199,25,literal_adjacent_runes,,True
931,932,3,3,202,203,10,10,1227,1228,15,literal_adjacent_runes,,True
978,979,4,4,32,33,1,1,1290,1292,21,within_line_separator,-,True
1037,1038,4,4,91,92,4,4,1372,1374,6,within_line_separator,-,True
1590,1591,6,6,120,121,6,6,2104,2105,25,literal_adjacent_runes,,True
1980,1981,8,8,106,107,5,5,2634,2635,9,literal_adjacent_runes,,True
2015,2016,8,8,141,142,7,7,2679,2680,22,literal_adjacent_runes,,True
2025,2026,8,8,151,152,7,7,2689,2691,11,within_line_separator,-,True
2191,2192,9,9,62,63,2,2,2904,2905,0,literal_adjacent_runes,,True
2240,2241,9,9,111,112,5,5,2970,2971,26,literal_adjacent_runes,,True
2344,2345,9,9,215,216,9,9,3105,3106,6,literal_adjacent_runes,,True
2579,2580,10,10,182,183,8,8,3422,3424,14,within_line_separator,-,True
2739,2740,11,11,79,80,3,3,3634,3635,1,literal_adjacent_runes,,True
3139,3140,12,12,206,207,9,9,4162,4163,25,literal_adjacent_runes,,True
3851,3852,16,16,89,90,3,3,5114,5115,6,literal_adjacent_runes,,True
4388,4389,18,18,86,87,3,3,5831,5832,27,literal_adjacent_runes,,True
4579,4580,19,19,17,18,0,0,6085,6086,3,literal_adjacent_runes,,True
4606,4607,19,19,44,45,1,1,6120,6121,19,literal_adjacent_runes,,True
4671,4672,19,19,109,110,4,4,6205,6206,8,literal_adjacent_runes,,True
4712,4713,19,19,150,151,6,6,6259,6260,7,literal_adjacent_runes,,True
4773,4774,19,19,211,212,9,9,6342,6343,23,literal_adjacent_runes,,True
5074,5075,20,20,241,242,10,10,6745,6746,14,literal_adjacent_runes,,True
5260,5261,21,21,158,159,6,6,6987,6988,11,literal_adjacent_runes,,True
5475,5476,22,22,100,101,4,4,7268,7269,28,literal_adjacent_runes,,True
5633,5634,23,23,127,128,6,6,7480,7481,25,literal_adjacent_runes,,True
5770,5771,24,24,51,52,2,2,7665,7666,6,literal_adjacent_runes,,True
5777,5778,24,24,58,59,2,2,7674,7675,27,literal_adjacent_runes,,True
5824,5825,24,24,105,106,4,4,7733,7734,3,literal_adjacent_runes,,True
5835,5836,24,24,116,117,5,5,7748,7750,15,within_line_separator,-,True
5969,5970,24,24,250,251,11,11,7928,7929,9,literal_adjacent_runes,,True
6019,6020,25,25,30,31,1,1,7997,7998,14,literal_adjacent_runes,,True
6080,6081,25,25,91,92,4,4,8071,8073,1,within_line_separator,-,True
6223,6224,25,25,234,235,10,10,8259,8260,20,literal_adjacent_runes,,True
6322,6323,26,26,60,61,2,2,8389,8390,15,literal_adjacent_runes,,True
6364,6365,26,26,102,103,4,4,8444,8445,18,literal_adjacent_runes,,True
6541,6542,27,27,14,15,0,0,8681,8683,20,within_line_separator,-,True
6610,6611,27,27,83,84,4,4,8776,8777,3,literal_adjacent_runes,,True
6616,6617,27,27,89,90,4,4,8782,8783,18,literal_adjacent_runes,,True
6649,6650,27,27,122,123,6,6,8830,8831,4,literal_adjacent_runes,,True
6755,6756,27,27,228,229,10,10,8964,8965,5,literal_adjacent_runes,,True
7117,7118,29,29,87,88,3,3,9444,9445,0,literal_adjacent_runes,,True
7143,7144,29,29,113,114,4,4,9480,9481,12,literal_adjacent_runes,,True
7169,7170,29,29,139,140,6,6,9517,9518,25,literal_adjacent_runes,,True
7231,7232,29,29,201,202,8,8,9597,9599,19,within_line_separator,-,True
7380,7381,30,30,73,74,3,3,9796,9798,2,within_line_separator,-,True
7568,7569,30,30,261,262,11,11,10045,10046,12,literal_adjacent_runes,,True
7868,7869,32,32,29,30,1,1,10446,10448,0,within_line_separator,-,True
7942,7943,32,32,103,104,4,4,10539,10541,9,within_line_separator,-,True
8111,8112,33,33,151,152,8,8,10778,10779,16,literal_adjacent_runes,,True
8141,8142,33,33,181,182,9,9,10815,10816,23,literal_adjacent_runes,,True
8195,8196,34,34,21,22,0,1,10890,10894,8,slash_line_join,"/
-",True
8308,8309,34,34,134,135,5,6,11039,11042,4,slash_line_join,"/
",True
8384,8385,34,34,210,211,9,9,11140,11142,24,within_line_separator,.,True
8630,8631,35,35,195,196,8,8,11465,11466,2,literal_adjacent_runes,,True
8637,8638,35,35,202,203,9,9,11475,11476,11,literal_adjacent_runes,,True
8699,8700,35,35,264,265,11,11,11555,11557,16,within_line_separator,-,True
8725,8726,36,36,19,20,0,0,11593,11594,25,literal_adjacent_runes,,True
8775,8776,36,36,69,70,3,3,11657,11658,0,literal_adjacent_runes,,True
8933,8934,36,36,227,228,10,10,11864,11865,14,literal_adjacent_runes,,True
9595,9596,39,39,195,196,9,9,12753,12755,7,within_line_separator,-,True
9916,9917,41,41,45,46,2,2,13192,13193,10,literal_adjacent_runes,,True
10139,10140,41,41,268,269,11,11,13483,13484,22,literal_adjacent_runes,,True
10165,10166,42,42,21,22,0,0,13518,13519,7,literal_adjacent_runes,,True
10507,10508,43,43,91,92,3,4,13961,13964,28,slash_line_join,"/
",True
10568,10569,43,43,152,153,6,6,14039,14040,9,literal_adjacent_runes,,True
10611,10612,43,43,195,196,8,8,14097,14099,22,within_line_separator,-,True
10749,10750,44,44,59,60,2,2,14279,14280,10,literal_adjacent_runes,,True
10760,10761,44,44,70,71,3,3,14294,14295,25,literal_adjacent_runes,,True
10841,10842,44,44,151,152,6,6,14398,14400,22,within_line_separator,-,True
10953,10954,44,44,263,264,11,11,14545,14546,14,literal_adjacent_runes,,True
11102,11103,45,45,139,140,6,6,14745,14746,18,literal_adjacent_runes,,True
11188,11189,45,45,225,226,10,10,14857,14859,3,within_line_separator,-,True
11343,11344,46,46,110,111,4,5,15062,15065,18,slash_line_join,"/
",True
11598,11599,47,47,95,96,4,4,15397,15398,13,literal_adjacent_runes,,True
11658,11659,47,47,155,156,6,6,15475,15477,7,within_line_separator,-,True
11844,11845,48,48,67,68,3,3,15725,15726,7,literal_adjacent_runes,,True
12114,12115,51,51,0,1,0,0,16090,16091,7,literal_adjacent_runes,,True
12373,12374,52,52,167,168,7,7,16429,16430,26,literal_adjacent_runes,,True
12667,12668,54,54,19,20,1,1,16824,16826,21,within_line_separator,-,True
12803,12804,54,54,155,156,7,7,17003,17005,6,within_line_separator,-,True
12938,12939,55,55,58,59,2,2,17179,17180,2,literal_adjacent_runes,,True
