original,path,image_sha256,eligible_bits,header_width,declared_bytes,capacity_bytes,status,available_sha256,historical_bytes,historical_sha256,packed_sha256
2,liber-primus/data/relikd/p2.jpg,74e955ebe248e6d7442e2d2cd3029951f258017987d5762f48e7897cf6611e34,619659,31,2147483647,77452,DECLARED_LENGTH_EXCEEDS_CAPACITY,bf54a6c987b423d44201a7efaecf99dc4570f8fb572f7b2623316d594cc2031c,76800,b8df24294b507ffc47d57f6f94ede8d581095c2c9c716a00e51dbae226a2ac72,879213ad432ac2e6e4ba60a8c224c91564784f9e8f2e9bebac43e20205587c54
3,liber-primus/data/relikd/p3.jpg,1453ef27ea607c6ea378d6472c908e77c2881caba33c72d1893caddee8dc1117,618354,31,2147483647,77289,DECLARED_LENGTH_EXCEEDS_CAPACITY,495bc153dbcf3bdbed6d134a3d5a3d2973dc6225a69362b824346d77003be722,76800,8c4d07414757763b2ac05344515ba2af34cbaa459b0160d431960b031714f26d,ff770ba1314baa86c72e434fd93d5a1246498c840266cc031faddf49b66265d9
5,liber-primus/data/relikd/p5.jpg,bcef0a3b80532b25a013052ec4394ab47ab69ce675b5b3db59cbad044e7adabd,683572,31,2147483647,85442,DECLARED_LENGTH_EXCEEDS_CAPACITY,94e0426517a14e492ee2bc6c4bc5069e3ec43df54cbd2bb08d1c9f2e5ac04047,84992,e5c76a8bb9434958d91a7bfe921ec32e2984532f975a3c9823f6b7dc95257c9f,dee4dd863f64942f097e94bf48506def71df084bf7b08273f9586dbff64d3ad2
6,liber-primus/data/relikd/p6.jpg,4c7dce370242c67a7b785828d75547c042717b221d9d565d7dd097834c7b25d7,578766,31,2147483647,72341,DECLARED_LENGTH_EXCEEDS_CAPACITY,0b54e329b43f938cf5edb770bb57a7c3e53ef371333d5569aa413f7af332a8d8,71680,8291487ec86a8ace0bd806ca022010f4803c792ba78ebc9d63459b4ab567298f,c5c9930e30e93d950271a40ec74498aa75a5a201de29f21083222ce76f6372eb
7,liber-primus/data/relikd/p7.jpg,91a726a7dd59c6caa4d736b9ce72ceba0a2fa827d6b69a2d4057562b9303636c,601609,31,2147483647,75196,DECLARED_LENGTH_EXCEEDS_CAPACITY,c0ca99b76def9d5a8141a611e645c56e08ee95a547a5c681a14d1bc37fd76b72,74752,453d92a8ebeebfc421fb42a290d47dcbb470549aecbc90e452af1ed7e9dbcb10,c36ad19ca997617bd3a2deefdec9d784c61cadbf99c1e0dcf47636aab740e1f8
8,liber-primus/data/relikd/p8.jpg,6b1026dfdfb447a5a76819883fe576254e8a47fdf1e97ecf1825166833bc6f00,633943,31,2147483647,79238,DECLARED_LENGTH_EXCEEDS_CAPACITY,10ed9de0f9e736672c2f16355478c07ade688a45e356eab64bea7f2eec76539f,78848,1e48c039a8ea902a0a2dee671a19cada36d0df4da988e834084d3ceff14afaa5,5e8de51d153cc5f9a1a233b4b382b9ccd5f67ce87ace57a4a3566000c0f0d733
10,liber-primus/data/relikd/p10.jpg,1716e282c1d5e8a9ff911c01621e9b195d4728c7fa55ac857176a473eaba3239,639723,31,2147483647,79960,DECLARED_LENGTH_EXCEEDS_CAPACITY,544afa9d1f3eedbb161ca5ef03551271e66e1326f2b44476e849d62bbbe4fec5,79872,3b5aaaa1888670e26ec5ca1d8e022bfbdf96d1ff8a79377d32f23f082cf1d407,4879f89eb25b2260754efd1713c24286957508833047383b49fe83604b39a377
11,liber-primus/data/relikd/p11.jpg,26f0cb307a23dcb2adf03a70fb9c6da89746258a90fd9be5383b2757ab4aad30,630216,31,2147483647,78772,DECLARED_LENGTH_EXCEEDS_CAPACITY,ef5a67cb94010d2c542af366801d8786f9372c9fd6b07e1729199f8b3c5fb678,77824,057b2bb41b79f7dfd1a06f3f2875c1c2322c24d5d8d121dacd432ac1a59f8154,db0e10488dba0392bc36c0237ae326d9449cde49e05d57fb9fb1bdf6251ca2af
12,liber-primus/data/relikd/p12.jpg,6961f3f8eedba5b802fee9b40ad91fa604cd4e4394f9ba72853141ad71b19b21,631954,31,2147483647,78989,DECLARED_LENGTH_EXCEEDS_CAPACITY,aa1a0f6f841fe092ee7b3a37bdb26e5d0fbc3cc1f3b026293ca7a8327f44e306,78848,420ca55927a33e8a08bcf1efc51e06516c01ed1d343522f5cef50dc2dbf127b1,36e0e1ea46683b2953bbcaf1bbd2dad1c45fcfb469494c084c06dbbe4a39a52c
13,liber-primus/data/relikd/p13.jpg,3481daeed3ab2bea6effbe36eec22f74955bce87ca4b4ae8674be1d3f84ea08d,640118,31,2147483647,80010,DECLARED_LENGTH_EXCEEDS_CAPACITY,5d2534f9978df0cef90934232e13dd54abe78a6367b3afa78efb18b8b6548b29,79872,b36cf94e4af82735793fb812c2b8bd70a6470eabee7a2d59cb442764a15ab0db,0786e21640ac4689c223fe4dd2adfff551020e3ab1f38387eb0706ea2f4c5cc1
15,liber-primus/data/relikd/p15.jpg,5543cfce96493b86eece3195b3f5ea6e779ff41551676600b0c2479fc18c0ec5,541404,31,2147483647,67671,DECLARED_LENGTH_EXCEEDS_CAPACITY,4210d3345178884380a52c14cbc8befa7a15545053bb62c9fc8a11c14165da0b,67584,00162b760359a3b10a97f54902f0ff8d48f7ec062ba480715fd24cf287196c97,a75490271e34f1c912e9aee296fc29ffa86c0b7fa7374f4a35887c3b0da63678
16,liber-primus/data/relikd/p16.jpg,39780578c48d318310c3bccb0bc30e96adcb5b2de6e4a965000c55465375861d,603134,31,2147483647,75387,DECLARED_LENGTH_EXCEEDS_CAPACITY,2e55ee930b283c576445014a2c927a64cb11d38f1a112880c7b56ff144e01f6a,74752,c0121bf77da8a7139ed7d86a269310c625ae336c65f6f3c04bb2784252ec2edc,f1d86ba14cbaedf096fa4338bea017936264354de62da39d89a7073894d26436
17,liber-primus/data/relikd/p17.jpg,f123b66eefa1b4409750c5ea3879bfe64728c6aa1e1398cb8fbd0fa8b1cf1f50,592277,31,2147483647,74030,DECLARED_LENGTH_EXCEEDS_CAPACITY,82f612d9eb9abcfd01f77e0488f237876adf0c6330ac320613150a24481e0732,73728,ab512f40b4ba293cb94cca5a7a8b810e8182a053f5a4be3b4e073c6e8799dac2,4671205ace07a052b4fa8505b49cb334df57acc9c8b8baaa00db2bfda0ed9ca4
18,liber-primus/data/relikd/p18.jpg,90fa414c464e86435bdb22f051f9670e886e3dd1c0b6d8954be94b86188da94b,593439,31,2147483647,74175,DECLARED_LENGTH_EXCEEDS_CAPACITY,2f7d39effe19391db8fd601949502b0600a7937670d11a4847287f718fccf584,73728,60f0bb220a21b92411316425b2c66b4e4f4906091f395ec1ac1aaa3fb40c2f63,1d3990e6ded0c7de310fb03412e5b720b4843c00000a6b08e9eedb094ab65635
20,liber-primus/data/relikd/p20.jpg,1ceef52570621785a021febff39003538f810179e5767ef5279a59c0c05c9985,587191,31,2147483647,73394,DECLARED_LENGTH_EXCEEDS_CAPACITY,280d23599e9b2ed1977e93a3c8e4543672e1bf25ae7ed97341ff3d6e31438257,72704,3427acbf4118dd642632725dec81bb95f6b0a8682d1568d1ab041c0c4728f44f,627fd79fc2791fce52a68def7266660e85d3426a3300766fb00e02463a9cdfc6
21,liber-primus/data/relikd/p21.jpg,c453ad16212b335a065069e9f755791b909225ed250b579eab205655e7a80c10,602392,31,2147483647,75294,DECLARED_LENGTH_EXCEEDS_CAPACITY,bb2b7030bdd4f894ba262054df3a57e419cc7735f880f01aa05372cae78a09be,74752,b78ec942499095375a5df3eaab4ec10a7522150e1125869be0085e834b911a36,2323f0838ba08e108bfab744f304d61a6529a0c3a36584a4ea39e9f5569bb547
22,liber-primus/data/relikd/p22.jpg,e232eb4649f89125d0edeab7022cbe189185d46ccbf0823fd964b6e71e9bafe7,540431,31,2147483647,67549,DECLARED_LENGTH_EXCEEDS_CAPACITY,bb3e2d37f95e2563758a1d8c652b3a182587540bff2bcf51af006389626bcf3b,66560,2de247b6a7802681bbb0818bc8960ce75440008ab8135b2734b283762773fcea,187754c921b08ff0ba6a0706a89ae0395483af56a640cf0936904925ea4ee42f
23,liber-primus/data/relikd/p23.jpg,d31a23cb3a2e50b505e1c468ffbb0106f5353f469bb5958b87ab929fc88decee,518649,31,2147483647,64826,DECLARED_LENGTH_EXCEEDS_CAPACITY,432d965cd2574e33946d4a8580302150e02f5251cecb6b0d79b496d9f99bcba3,64512,27fbf93015bdb779c544bb5a53d1ffefc867f4a700e38c34dff30f468d37ed77,4c45727ed0f3a67dc01dbe3989119c48a3c373f9e0c96beda1919093d97553c8
25,liber-primus/data/relikd/p25.jpg,a7d6e597debff4f7c5b3516e1b02ca2e4fa5b37d972f567264ed2ec845013cff,673546,31,2147483647,84188,DECLARED_LENGTH_EXCEEDS_CAPACITY,0b79280414d5b3b0384f8abf3f8787254c82d6338ee39eff93340f91db32e2a9,83968,c311605aa35fe6dea77a8bc49d44718d4f65e637e2c89c2607a86e6653dbef2b,6505a638e70926e6c3fd66b915500040de852c7e1af76016a8ec1b77943d9050
26,liber-primus/data/relikd/p26.jpg,ed88f5fcdca3d1f846538caa8be979aa28cde969eb99c9464d60daa26c1f9af7,692534,31,2147483647,86562,DECLARED_LENGTH_EXCEEDS_CAPACITY,300ce787bf2ae24abcd7828314d9ddbc5fd3bdef748f9cf6ba1c6ef5b3e7b5e0,86016,836040897c118782a48ffa1b8dc7b931b666b4884921abe3d0537d7fa30ca2e7,884d83e1f45a1ebf6df8f5cd27d23bd19cfbe0a8f35bdeb1ee506c1efc53fa1f
27,liber-primus/data/relikd/p27.jpg,c92c972f41dd038e136d8589aa7b113e268c36f2860c279cce712cd037cb3a8e,606436,31,2147483647,75800,DECLARED_LENGTH_EXCEEDS_CAPACITY,4034366ce2d56fd00a7e03bb19857e8bbb6dea30bcc2bfb5f2420cdbbbc03346,75776,a9415fa475fbeae9bc32e20409f2b61a6c0ba1686d69a8ca1c7fa59dd3aabd38,a2310e03ef074acedabeaced52221b20859979fc096deedbd03f80cc0ffa1ac4
28,liber-primus/data/relikd/p28.jpg,318bb587f4dcab11b4db7ba3b8bb13b7913ca79bb409e1c987595503a22e0522,594378,31,2147483647,74292,DECLARED_LENGTH_EXCEEDS_CAPACITY,6d0dfce8e0859c3569851a409ae58251e632912b7d2eda3dfd6f88e104ac97f0,73728,8bba77ff7af2398fefcdf2d08fab87ce2e9e4eef8eebc45660e85a4e1d01fd06,6cda49f46fc0fdd49f3a20f3519c9d5cd6fa4b66e768653078599d3014af24fa
30,liber-primus/data/relikd/p30.jpg,701b66d1fe98f730dadc5d7d8e1bc3b9a8e20547c1ffb423011f436037dba8b0,590846,31,2147483647,73851,DECLARED_LENGTH_EXCEEDS_CAPACITY,7550e3932830fd183d91c36b2a328dc9fdd887ae6ae38fe569cc385e508f6a88,73728,1b06b56ad18a61a45a932cf2e10cb87e46906e4397ebe5e2d95df792cec394d7,e1eb70b8bb4e22ec57cf9a324a3192644dddd895dcff8f68e38a42c20b58a06f
31,liber-primus/data/relikd/p31.jpg,0cb60ca12b1bf5f9fc03026314018a0d5ee73f813ac86ca4197629c60f2cb80a,580922,31,2147483647,72610,DECLARED_LENGTH_EXCEEDS_CAPACITY,5fcc83a68c5a36e3e8931f5114e388743119b829c179ac5ee481e32eb9f4d4a1,71680,81a3717c962938eaf24fba463d7cb6995e223e87b2e2a7f33eb878be3e7b55e6,6dee856f53a324a741cb0d277d92ebb95b947a3a22488c020a85b740f85d9a3f
32,liber-primus/data/relikd/p32.jpg,c0f778187a8e9ddbfc667a65929ac567430a2e38278a2022377984ac084e5f72,393372,31,2147483647,49167,DECLARED_LENGTH_EXCEEDS_CAPACITY,80c3c02ec29700a6e7b3a6d8c47f05a70f02bec1e0b22a6b937446b18f05bc74,49152,e3b79538f579f87531e592bc618ef888b86779eda275febf27938ab8432bfc40,8e908026a9345e5efdee985fdcaa7a92e300479109891d6d40d115f7188a3242
33,liber-primus/data/relikd/p33.jpg,13ff4c8d8ab934032a001b8c1fda16433aa44a38dd7272b3ff0dd7ac8300c62d,556239,31,2147483647,69525,DECLARED_LENGTH_EXCEEDS_CAPACITY,bc3260b392f21d49d7610128d9a85ea06f7d2bb45985516ab90e9a0b0e269df8,68608,2bf3e6a2a9892e4570f2b3d78929d7dc384d8c510085641ce5f4c6afc3e308e9,cae28df10ea1b216da1f2fdc254226d5aebd618a3d93f30d037524dc464b58a3
35,liber-primus/data/relikd/p35.jpg,d713dd913d9b835ac61f298e8c0855f5093599e348edaedef964710db8664afa,605071,31,2147483647,75629,DECLARED_LENGTH_EXCEEDS_CAPACITY,075faf6d591e8bab7404bfe73fafb29fa472334cefc5affb62e6f1c0c28d0a90,74752,d5b6e53ac7ccf80f6dddf304106899982fadaae6e8b9ae733490b07b20f2a393,a15d47738954b5ea1567cd55e832850120e6dab451e4e4db5524e5d75029b89f
36,liber-primus/data/relikd/p36.jpg,3b54a31a9e796e2c01b4e80d46e1092dee2e1142a7c61873e282078e2c776cb9,543498,31,2147483647,67932,DECLARED_LENGTH_EXCEEDS_CAPACITY,2299232195cd9d80bb59e7221ee1260f8223fc58a147912befba0767cb319fbd,67584,bf7d6a62a14f821edebae0fcea23aba9102b9d16a7bf97ee41a5b6899975bf7a,87a7af55a048b209c61d7c3dca1b7dbefd7c553681eec8915f2dbbbf104fb1c8
37,liber-primus/data/relikd/p37.jpg,cee96d7e71b7de4d4e57237faacefad791229c153202e8224e4bedda45fb8f43,537365,31,2147483647,67166,DECLARED_LENGTH_EXCEEDS_CAPACITY,67b9e9417dee6b23303821049f5d309637dc5e27674fa60032ca9615a733c817,66560,b29abccc5d0388882eafd9cf2d564c9693917bf2761bbb4c68b6bb9bb3a59deb,ab40ebd46939f1a6bcf4d3d751eda870880d8bd5039e3c9017c6330c5988e911
38,liber-primus/data/relikd/p38.jpg,aec1898f599f57265d6422f3082a481db94a27f62230affbadee595d05077f8c,553172,31,2147483647,69142,DECLARED_LENGTH_EXCEEDS_CAPACITY,c79c775f2e22a6d9262bdd0c60b560c464cbc5b14f4a4a71148bc0b74f8df829,68608,e40ba27e20c20488356860c6731200687f93a2420da4a3466ae1e852f3d2ba0b,e012c105203f74b2b92743309ed4bbf25268506e18f4eed4cc7d1491399faa80
40,liber-primus/data/relikd/p40.jpg,3f5af995b39f94f268d4aa94825a10f2429f4a3affa1921a7f627e6d1bfcfb69,756640,31,2147483647,94575,DECLARED_LENGTH_EXCEEDS_CAPACITY,23858700ebcbe3bef6e8ac4651f9383443a60755f9185e512429dc2148eb49e8,94208,96e28fee13051e809afeb315f48e0e3f2dbc12a624fd612fdd73e1e5d08d5923,81b81c7c6e34765c80ca9ca431eabdc87d5cba38e8996dc492fe788e1208f284
41,liber-primus/data/relikd/p41.jpg,134052dd794a7d11185cc6d942de3f9839bd2b767e0845b0f059f711b269bee2,813870,31,2147483647,101729,DECLARED_LENGTH_EXCEEDS_CAPACITY,e06070b546480d18c234e5ee79cc36233b0ebd41776f32b2cce6128941c5c4e8,101376,0c8297fb759a67408585d5d38a8bab04017d0219e05606bea0c3df70cf692c1c,9bbbe26290d85ced8f9225e4f0ee30b0ab6fc5577ce56d4b4857ffe28cd5b976
42,liber-primus/data/relikd/p42.jpg,e523427112ec6259e97d1711f0420469d961324dedb7dc4eac67ecd9543729f6,816345,31,2147483647,102038,DECLARED_LENGTH_EXCEEDS_CAPACITY,03164f7b872c3e7a82e3d6cc19ea56f90977faf75a86e9b1bc0c6c9340a0da5a,101376,b9c7dbf39220d009188aef54f1ef605d47fff363828ef406f63ac56797896a65,9175fa3d41ddb67633ebefdafba5ca874cc7ee66e111bb6c452defc66de0dcc3
43,liber-primus/data/relikd/p43.jpg,dc4cf22565ccabb2b3d366eb8bd6b74520e3169133a7bd725373aad2f49ac415,820718,31,2147483647,102585,DECLARED_LENGTH_EXCEEDS_CAPACITY,63f6a56bdd598ed951eba6fa16976fc5dd4a755ff2638dc162ccceb5ce53424e,102400,059d85660abce14960446d7776ab00c1deb97f405106f43b8695eb873c79268f,5401eaa038faff521325fd21e3434190e578abc2cfdd2bbc8e15a5c7dff9d0c6
45,liber-primus/data/relikd/p45.jpg,898b614af5473937a9abfcdc618160ba80ea44b07d4a479da4526be6e33f28d9,800833,31,2147483647,100099,DECLARED_LENGTH_EXCEEDS_CAPACITY,adc6e473717a523b23ec7d7cd44c8282719d04be359e978164f5c4ec80ecda27,99328,27f04bb1b66408e91823ae47d4b16447f19a14f2725444f7c4add7c87d1be869,b96f900742037c5130ed8a59ec4b2b49550882bb10162e3d8da67f84e9dcf23d
46,liber-primus/data/relikd/p46.jpg,05538b8ebf9ed2a5716d94284a753dd26582a0227f139cc4a27dc3f07b15d301,811247,31,2147483647,101401,DECLARED_LENGTH_EXCEEDS_CAPACITY,fee9eb1c8f6706e6dd26d00b5dc5995eb4ce8f104f7c0d6dd0fa4319cb381ab7,101376,31327253904e3cf51a5258b844d364c2d7763b335900ac464481e50091fb41ed,380b4eb3e148644aa5bb911174d7a76bec5941b6b438fee9e958dc51a036ce1d
47,liber-primus/data/relikd/p47.jpg,08ed86be5561c09ce5c773d8001b290cc505436db89637d66ea0f5a15818d1c8,820942,31,2147483647,102613,DECLARED_LENGTH_EXCEEDS_CAPACITY,415f1c3e80fb3ca55ed41a9f459953a2b03a3a16d5b099e3befeb8445cff48ca,102400,2e0095fe918b370eeb6f725380f9ccb908cf19844fffa92c677b64f50bd7c825,eb89aaccde9173711a536321f80867803890d8dbd7ff9b51152265ff1286bf08
48,liber-primus/data/relikd/p48.jpg,341da69e9d579528dd17b7659e23de210720429111dc76c512843eb1983100ea,832763,31,2147483647,104090,DECLARED_LENGTH_EXCEEDS_CAPACITY,57ffb9215298ea8adec147a365f02703da1e5548557fc87a65fb2fcca6a2ca32,103424,8b6510ca8871d7da2a3460cb23caa31838d61503cb83ac561dbb05d815618458,a9141db5600aa5e524ea3f37f4c3f51b06ae347ceeeb0323b34c3b5f6c56fb87
49,liber-primus/data/relikd/p49.jpg,aa3f89156756edf8b796a470a14a3db96516ad2fedf1ed98ccabc1a1cddc0335,664093,31,2147483647,83007,DECLARED_LENGTH_EXCEEDS_CAPACITY,c1df29c8cabb087b80d86257ad8e2836972da416b72cc7bc771b31f5d1487234,82944,78d9e8dca9bf6f2fef0801030bfafbfe78ee4555be91c05674a1f08a0120d0bb,873a308019309bdd0a457b02a287be1dded4df3057198ee9347c7b47fbbb49ba
51,liber-primus/data/relikd/p51.jpg,2b9d60f62b2bc65d040f7ae1bc0960d5a44ca251d2730d049a618074a83e208b,692043,31,2147483647,86500,DECLARED_LENGTH_EXCEEDS_CAPACITY,7f3a6b003f2a04a523be0bb8055decf0d86a635f7c11c76587d1c84c1cb1a03f,86016,be328f4d479b4a70301cf41b609a387d154e6d140f4fa87dd811578654a4e5fb,0a25dde8497093f9b2805385ffdd32e87fb9421701bb8753b332da2f465b5116
52,liber-primus/data/relikd/p52.jpg,d34a38f51759284f68fb916122ed6774c3b498dddb5537929355ac674453a0f3,824585,31,2147483647,103068,DECLARED_LENGTH_EXCEEDS_CAPACITY,fd50dc51d08cac84b23f98a5105d4ce6a0e85742cca7095108355d69825a507d,102400,021da9b35550050ca852965031e2909fa0b31072d76471644beb7e36c72e0b4c,ab421c18e76a45d8ba9fd2dc6e1d102d3f3f9026a4afbaaf72c209b6a7e323a8
53,liber-primus/data/relikd/p53.jpg,4ec7293ba72bd52384787646d204c8a68fefaf2d22673c40d27f23812d424548,758806,31,2147483647,94846,DECLARED_LENGTH_EXCEEDS_CAPACITY,9f7a9feaeec0e64d52c79d99db2dcac40b21feab68e3db17965f9a898c236585,94208,859aa9a1a230c64bae3833dc54ea9097e098f909de04d31704b4c747d1bd726b,63fd95e31b1364de3c3e9525130b218e3d91f0c24ef2e10d3408693d74960ead
55,liber-primus/data/relikd/p55.jpg,a80191592add93a86ed3868f9e4e6ba3944ec20c9ffccc7d3e221b461344beba,629181,31,2147483647,78643,DECLARED_LENGTH_EXCEEDS_CAPACITY,b7f66a996ffbb59e895d91bbf91b57c35969465c206ef967cf6f922cb90911d5,77824,a32f231c8e280213db3d2e242abe70d3192350272d167e7ebd2c927074164a2a,4e7a41028d09c70c7207a4eca518f797c9a3790de01b3ba002a2a1b38042bd6f
